timestamp,longitude,latitude,speed,fuel_consumption,wind_speed,wind_direction,course,engine_power,draft,vessel_name,voyage_id,departure_port,arrival_port
2024-01-01 00:00:00,118.41342,30.815308,15.88,26.33,17.74,338.5,73.02,772.7,12.370721862703558,远洋一号,VOYAGE_0001,上海,新加坡
2024-01-01 00:10:00,118.440594,30.827256,15.33,26.46,3.33,194.13,78.87,809.8,12.370721862703558,远洋一号,VOYAGE_0001,上海,新加坡
2024-01-01 00:20:00,118.467767,30.839178,15.98,26.97,7.0,334.96,81.29,904.3,12.370721862703558,远洋一号,VOYAGE_0001,上海,新加坡
2024-01-01 00:30:00,118.49494,30.851073,20.94,38.67,15.31,227.58,69.55,1219.1,12.370721862703558,远洋一号,VOYAGE_0001,上海,新加坡
2024-01-01 00:40:00,118.522112,30.862943,15.33,28.37,8.51,316.04,64.9,823.8,12.370721862703558,远洋一号,VOYAGE_0001,上海,新加坡
2024-01-01 00:50:00,118.549282,30.874787,16.25,29.25,19.84,300.44,76.45,909.1,12.370721862703558,远洋一号,VOYAGE_0001,上海,新加坡
2024-01-01 01:00:00,118.576451,30.886604,15.81,27.25,7.59,340.36,70.55,804.2,12.370721862703558,远洋一号,VOYAGE_0001,上海,新加坡
2024-01-01 01:10:00,118.603617,30.898395,15.67,28.28,7.63,295.87,74.37,858.4,12.370721862703558,远洋一号,VOYAGE_0001,上海,新加坡
2024-01-01 01:20:00,118.630781,30.910161,16.17,28.6,19.17,40.36,65.28,823.9,12.370721862703558,远洋一号,VOYAGE_0001,上海,新加坡
2024-01-01 01:30:00,118.657943,30.9219,16.25,28.11,13.25,313.72,64.31,776.7,12.370721862703558,远洋一号,VOYAGE_0001,上海,新加坡
2024-01-01 01:40:00,118.685101,30.933613,16.75,30.75,4.48,202.37,82.6,921.0,12.370721862703558,远洋一号,VOYAGE_0001,上海,新加坡
2024-01-01 01:50:00,118.712256,30.9453,15.32,27.68,7.82,215.35,77.36,901.5,12.370721862703558,远洋一号,VOYAGE_0001,上海,新加坡
2024-01-01 02:00:00,118.739407,30.95696,16.34,29.78,4.71,342.72,76.15,964.7,12.370721862703558,远洋一号,VOYAGE_0001,上海,新加坡
2024-01-01 02:10:00,118.766554,30.968595,15.74,27.04,7.24,39.46,94.77,838.6,12.370721862703558,远洋一号,VOYAGE_0001,上海,新加坡
2024-01-01 02:20:00,118.793697,30.980204,16.16,26.98,6.93,42.34,76.59,748.9,12.370721862703558,远洋一号,VOYAGE_0001,上海,新加坡
2024-01-01 02:30:00,118.820834,30.991786,15.76,28.72,17.32,234.49,82.23,832.3,12.370721862703558,远洋一号,VOYAGE_0001,上海,新加坡
2024-01-01 02:40:00,118.847967,31.003343,16.45,30.5,14.97,227.06,82.5,902.8,12.370721862703558,远洋一号,VOYAGE_0001,上海,新加坡
2024-01-01 02:50:00,118.875094,31.014873,16.46,29.27,17.14,31.63,80.19,878.2,12.370721862703558,远洋一号,VOYAGE_0001,上海,新加坡
2024-01-01 03:00:00,118.902215,31.026378,16.31,49.27,6.76,127.62,77.57,1415.8,12.370721862703558,远洋一号,VOYAGE_0001,上海,新加坡
2024-01-01 03:10:00,118.92933,31.037856,15.29,27.89,19.47,175.79,79.31,832.0,12.370721862703558,远洋一号,VOYAGE_0001,上海,新加坡
2024-01-01 03:20:00,118.956438,31.049309,15.78,29.54,16.15,237.03,78.26,854.8,12.370721862703558,远洋一号,VOYAGE_0001,上海,新加坡
2024-01-01 03:30:00,118.98354,31.060735,16.82,31.63,6.22,336.08,78.91,976.0,12.370721862703558,远洋一号,VOYAGE_0001,上海,新加坡
2024-01-01 03:40:00,119.010634,31.072135,15.78,26.45,14.54,225.86,68.01,814.6,12.370721862703558,远洋一号,VOYAGE_0001,上海,新加坡
2024-01-01 03:50:00,119.037721,31.08351,15.74,28.26,8.79,47.96,76.22,837.8,12.370721862703558,远洋一号,VOYAGE_0001,上海,新加坡
2024-01-01 04:00:00,119.0648,31.094858,17.34,33.3,15.43,89.13,82.04,1001.9,12.370721862703558,远洋一号,VOYAGE_0001,上海,新加坡
2024-01-01 04:10:00,119.091871,31.10618,16.78,30.62,10.9,309.89,80.66,886.5,12.370721862703558,远洋一号,VOYAGE_0001,上海,新加坡
2024-01-01 04:20:00,119.118933,31.117477,15.82,30.25,12.47,172.14,74.95,882.2,12.370721862703558,远洋一号,VOYAGE_0001,上海,新加坡
2024-01-01 04:30:00,119.145986,31.128747,16.04,29.78,15.15,229.52,81.63,864.6,12.370721862703558,远洋一号,VOYAGE_0001,上海,新加坡
2024-01-01 04:40:00,119.17303,31.139991,17.0,33.62,13.3,182.79,78.45,1078.1,12.370721862703558,远洋一号,VOYAGE_0001,上海,新加坡
2024-01-01 04:50:00,119.200064,31.15121,15.65,27.03,12.84,188.66,83.92,839.1,12.370721862703558,远洋一号,VOYAGE_0001,上海,新加坡
2024-01-01 05:00:00,119.227088,31.162403,16.42,29.73,6.2,280.62,75.29,895.0,12.370721862703558,远洋一号,VOYAGE_0001,上海,新加坡
2024-01-01 05:10:00,119.254102,31.173569,16.14,29.01,6.04,253.93,81.47,767.4,12.370721862703558,远洋一号,VOYAGE_0001,上海,新加坡
2024-01-01 05:20:00,119.281106,31.18471,16.88,31.94,19.08,77.99,76.2,926.6,12.370721862703558,远洋一号,VOYAGE_0001,上海,新加坡
2024-01-01 05:30:00,119.308098,31.195825,16.6,28.94,5.85,340.74,79.19,792.9,12.370721862703558,远洋一号,VOYAGE_0001,上海,新加坡
2024-01-01 05:40:00,119.335079,31.206914,15.96,27.71,11.26,170.15,81.52,874.2,12.370721862703558,远洋一号,VOYAGE_0001,上海,新加坡
2024-01-01 05:50:00,119.362049,31.217977,16.0,26.66,18.63,19.04,69.4,746.5,12.370721862703558,远洋一号,VOYAGE_0001,上海,新加坡
2024-01-01 06:00:00,119.389006,31.229015,16.26,31.23,17.35,157.47,82.49,991.8,12.370721862703558,远洋一号,VOYAGE_0001,上海,新加坡
2024-01-01 06:10:00,119.415952,31.240026,17.08,28.71,5.2,39.18,83.66,782.0,12.370721862703558,远洋一号,VOYAGE_0001,上海,新加坡
2024-01-01 06:20:00,119.442884,31.251012,16.21,30.66,11.33,206.38,64.12,892.2,12.370721862703558,远洋一号,VOYAGE_0001,上海,新加坡
2024-01-01 06:30:00,119.469804,31.261972,16.25,26.23,18.28,100.27,75.78,732.3,12.370721862703558,远洋一号,VOYAGE_0001,上海,新加坡
2024-01-01 06:40:00,119.49671,31.272906,16.61,29.58,9.09,315.52,87.56,869.1,12.370721862703558,远洋一号,VOYAGE_0001,上海,新加坡
2024-01-01 06:50:00,119.523603,31.283814,14.93,42.12,15.17,75.46,42.63,1266.9,12.370721862703558,远洋一号,VOYAGE_0001,上海,新加坡
2024-01-01 07:00:00,119.550481,31.294697,11.68,43.82,4.86,214.22,88.94,1331.2,12.370721862703558,远洋一号,VOYAGE_0001,上海,新加坡
2024-01-01 07:10:00,119.577346,31.305554,16.16,29.67,10.97,186.9,80.25,908.5,12.370721862703558,远洋一号,VOYAGE_0001,上海,新加坡
2024-01-01 07:20:00,119.604195,31.316385,16.64,27.69,13.7,270.98,84.29,821.8,12.370721862703558,远洋一号,VOYAGE_0001,上海,新加坡
2024-01-01 07:30:00,119.63103,31.327191,17.64,35.13,5.1,292.99,74.22,1042.7,12.370721862703558,远洋一号,VOYAGE_0001,上海,新加坡
2024-01-01 07:40:00,119.657849,31.337971,16.22,28.27,4.28,313.75,83.5,802.5,12.370721862703558,远洋一号,VOYAGE_0001,上海,新加坡
2024-01-01 07:50:00,119.684653,31.348725,16.77,31.07,17.58,162.67,80.27,943.6,12.370721862703558,远洋一号,VOYAGE_0001,上海,新加坡
2024-01-01 08:00:00,119.71144,31.359454,16.38,28.16,8.89,258.44,79.56,880.9,12.370721862703558,远洋一号,VOYAGE_0001,上海,新加坡
2024-01-01 08:10:00,119.738212,31.370157,16.58,30.69,9.54,236.81,82.11,962.0,12.370721862703558,远洋一号,VOYAGE_0001,上海,新加坡
2024-01-01 08:20:00,119.764966,31.380835,16.0,29.41,15.2,7.39,89.34,913.8,12.370721862703558,远洋一号,VOYAGE_0001,上海,新加坡
2024-01-01 08:30:00,119.791704,31.391487,17.51,34.36,5.3,346.33,81.6,1100.3,12.370721862703558,远洋一号,VOYAGE_0001,上海,新加坡
2024-01-01 08:40:00,119.818424,31.402113,17.56,33.1,5.21,230.52,72.81,993.1,12.370721862703558,远洋一号,VOYAGE_0001,上海,新加坡
2024-01-01 08:50:00,119.845127,31.412714,16.74,32.97,7.56,18.68,77.81,895.5,12.370721862703558,远洋一号,VOYAGE_0001,上海,新加坡
2024-01-01 09:00:00,119.871812,31.42329,16.91,29.25,7.93,131.14,78.37,851.3,12.370721862703558,远洋一号,VOYAGE_0001,上海,新加坡
2024-01-01 09:10:00,119.898478,31.43384,16.41,28.55,9.78,277.27,83.69,838.2,12.370721862703558,远洋一号,VOYAGE_0001,上海,新加坡
2024-01-01 09:20:00,119.925126,31.444364,16.21,30.82,11.11,163.1,82.85,912.4,12.370721862703558,远洋一号,VOYAGE_0001,上海,新加坡
2024-01-01 09:30:00,119.951754,31.454863,16.79,31.42,14.65,190.87,81.78,872.8,12.370721862703558,远洋一号,VOYAGE_0001,上海,新加坡
2024-01-01 09:40:00,119.978364,31.465337,16.54,28.98,4.71,50.24,90.69,916.3,12.370721862703558,远洋一号,VOYAGE_0001,上海,新加坡
2024-01-01 09:50:00,120.004953,31.475786,16.8,33.06,10.83,107.49,91.45,977.9,12.370721862703558,远洋一号,VOYAGE_0001,上海,新加坡
2024-01-01 10:00:00,120.031523,31.486209,17.02,31.18,12.01,73.17,86.66,967.4,12.370721862703558,远洋一号,VOYAGE_0001,上海,新加坡
2024-01-01 10:10:00,120.058073,31.496607,16.62,30.04,13.71,152.75,81.13,899.7,12.370721862703558,远洋一号,VOYAGE_0001,上海,新加坡
2024-01-01 10:20:00,120.084602,31.506979,16.89,31.14,11.66,339.56,84.44,925.1,12.370721862703558,远洋一号,VOYAGE_0001,上海,新加坡
2024-01-01 10:30:00,120.11111,31.517327,17.87,35.36,9.9,8.84,92.3,1057.5,12.370721862703558,远洋一号,VOYAGE_0001,上海,新加坡
2024-01-01 10:40:00,120.137596,31.527649,16.46,30.18,12.56,190.96,84.16,878.5,12.370721862703558,远洋一号,VOYAGE_0001,上海,新加坡
2024-01-01 10:50:00,120.164062,31.537946,17.17,31.06,11.86,15.46,78.86,994.0,12.370721862703558,远洋一号,VOYAGE_0001,上海,新加坡
2024-01-01 11:00:00,120.190505,31.548217,16.58,27.92,5.11,235.87,89.03,810.0,12.370721862703558,远洋一号,VOYAGE_0001,上海,新加坡
2024-01-01 11:10:00,120.216926,31.558464,17.42,34.04,11.12,21.68,83.43,943.5,12.370721862703558,远洋一号,VOYAGE_0001,上海,新加坡
2024-01-01 11:20:00,120.243324,31.568686,16.65,29.02,16.86,290.34,84.56,967.2,12.370721862703558,远洋一号,VOYAGE_0001,上海,新加坡
2024-01-01 11:30:00,120.2697,31.578882,16.13,29.51,5.31,238.25,84.98,891.1,12.370721862703558,远洋一号,VOYAGE_0001,上海,新加坡
2024-01-01 11:40:00,120.296053,31.589053,16.82,54.19,6.41,80.9,78.83,1627.5,12.370721862703558,远洋一号,VOYAGE_0001,上海,新加坡
2024-01-01 11:50:00,120.322381,31.5992,17.09,32.74,10.5,305.74,79.25,964.0,12.370721862703558,远洋一号,VOYAGE_0001,上海,新加坡
2024-01-01 12:00:00,120.348687,31.609321,16.95,31.81,3.93,333.03,84.34,997.5,12.370721862703558,远洋一号,VOYAGE_0001,上海,新加坡
2024-01-01 12:10:00,120.374968,31.619418,17.06,32.3,4.33,242.1,92.35,892.2,12.370721862703558,远洋一号,VOYAGE_0001,上海,新加坡
2024-01-01 12:20:00,120.401224,31.629489,13.45,56.96,18.74,28.5,80.71,1724.7,12.370721862703558,远洋一号,VOYAGE_0001,上海,新加坡
2024-01-01 12:30:00,120.427456,31.639536,16.61,31.65,18.39,302.94,76.51,940.0,12.370721862703558,远洋一号,VOYAGE_0001,上海,新加坡
2024-01-01 12:40:00,120.453663,31.649558,16.37,30.05,12.86,244.12,90.25,896.0,12.370721862703558,远洋一号,VOYAGE_0001,上海,新加坡
2024-01-01 12:50:00,120.479844,31.659555,17.11,32.02,15.89,125.13,88.87,919.0,12.370721862703558,远洋一号,VOYAGE_0001,上海,新加坡
2024-01-01 13:00:00,120.506,31.669527,17.06,32.68,6.25,6.28,80.25,1024.5,12.370721862703558,远洋一号,VOYAGE_0001,上海,新加坡
2024-01-01 13:10:00,120.532129,31.679475,17.58,30.55,7.6,70.2,85.39,885.4,12.370721862703558,远洋一号,VOYAGE_0001,上海,新加坡
2024-01-01 13:20:00,120.558232,31.689398,17.16,32.91,5.46,239.51,82.31,987.8,12.370721862703558,远洋一号,VOYAGE_0001,上海,新加坡
2024-01-01 13:30:00,120.584309,31.699296,17.25,32.04,9.71,180.81,87.76,934.3,12.370721862703558,远洋一号,VOYAGE_0001,上海,新加坡
2024-01-01 13:40:00,120.610359,31.709169,16.76,31.14,17.31,63.4,86.25,934.2,12.370721862703558,远洋一号,VOYAGE_0001,上海,新加坡
2024-01-01 13:50:00,120.636381,31.719018,16.78,29.93,12.7,313.93,87.89,1006.6,12.370721862703558,远洋一号,VOYAGE_0001,上海,新加坡
2024-01-01 14:00:00,120.662376,31.728842,16.84,29.53,19.59,15.43,103.12,874.4,12.370721862703558,远洋一号,VOYAGE_0001,上海,新加坡
2024-01-01 14:10:00,120.688343,31.738642,17.48,31.47,10.52,183.96,88.33,948.6,12.370721862703558,远洋一号,VOYAGE_0001,上海,新加坡
2024-01-01 14:20:00,120.714281,31.748418,16.88,28.97,17.62,257.38,82.49,877.2,12.370721862703558,远洋一号,VOYAGE_0001,上海,新加坡
2024-01-01 14:30:00,120.740191,31.758168,16.84,30.33,11.62,274.96,81.58,939.0,12.370721862703558,远洋一号,VOYAGE_0001,上海,新加坡
2024-01-01 14:40:00,120.766073,31.767895,16.73,30.45,5.15,148.83,85.24,939.7,12.370721862703558,远洋一号,VOYAGE_0001,上海,新加坡
2024-01-01 14:50:00,120.791925,31.777597,18.1,34.69,12.65,176.01,88.63,1036.2,12.370721862703558,远洋一号,VOYAGE_0001,上海,新加坡
2024-01-01 15:00:00,120.817748,31.787275,16.49,31.56,15.21,293.22,84.02,939.6,12.370721862703558,远洋一号,VOYAGE_0001,上海,新加坡
2024-01-01 15:10:00,120.843541,31.796928,17.52,31.78,11.4,120.95,82.33,959.5,12.370721862703558,远洋一号,VOYAGE_0001,上海,新加坡
2024-01-01 15:20:00,120.869304,31.806557,16.99,31.34,13.12,38.44,90.64,1062.9,12.370721862703558,远洋一号,VOYAGE_0001,上海,新加坡
2024-01-01 15:30:00,120.895037,31.816162,17.77,32.03,11.7,112.05,85.78,928.3,12.370721862703558,远洋一号,VOYAGE_0001,上海,新加坡
2024-01-01 15:40:00,120.920739,31.825743,16.24,29.19,3.39,232.7,87.21,846.3,12.370721862703558,远洋一号,VOYAGE_0001,上海,新加坡
2024-01-01 15:50:00,120.946411,31.8353,17.99,31.86,7.25,347.46,90.03,1006.5,12.370721862703558,远洋一号,VOYAGE_0001,上海,新加坡
2024-01-01 16:00:00,120.972051,31.844832,16.93,29.61,5.93,177.93,90.18,873.9,12.370721862703558,远洋一号,VOYAGE_0001,上海,新加坡
2024-01-01 16:10:00,120.997659,31.854341,17.67,30.19,12.82,111.78,83.28,976.7,12.370721862703558,远洋一号,VOYAGE_0001,上海,新加坡
2024-01-01 16:20:00,121.023236,31.863826,18.37,34.0,18.87,202.56,93.12,1014.2,12.370721862703558,远洋一号,VOYAGE_0001,上海,新加坡
2024-01-01 16:30:00,121.048781,31.873286,14.33,53.77,17.06,116.93,85.96,1622.1,12.370721862703558,远洋一号,VOYAGE_0001,上海,新加坡
2024-01-01 16:40:00,121.074293,31.882723,17.6,34.17,10.12,240.72,93.19,1114.8,12.370721862703558,远洋一号,VOYAGE_0001,上海,新加坡
2024-01-01 16:50:00,121.099773,31.892136,16.96,32.27,19.63,120.12,95.83,963.3,12.370721862703558,远洋一号,VOYAGE_0001,上海,新加坡
2024-01-01 17:00:00,121.125219,31.901525,17.31,29.55,19.43,126.17,86.45,928.8,12.370721862703558,远洋一号,VOYAGE_0001,上海,新加坡
2024-01-01 17:10:00,121.150632,31.91089,17.13,32.47,7.85,42.4,90.51,1063.0,12.370721862703558,远洋一号,VOYAGE_0001,上海,新加坡
2024-01-01 17:20:00,121.176012,31.920231,20.51,48.38,15.43,318.22,83.06,1423.6,12.370721862703558,远洋一号,VOYAGE_0001,上海,新加坡
2024-01-01 17:30:00,121.201358,31.929549,17.37,31.95,7.12,117.8,82.88,974.6,12.370721862703558,远洋一号,VOYAGE_0001,上海,新加坡
2024-01-01 17:40:00,121.22667,31.938843,17.94,32.94,9.59,57.8,91.0,985.5,12.370721862703558,远洋一号,VOYAGE_0001,上海,新加坡
2024-01-01 17:50:00,121.251947,31.948114,17.55,32.81,9.4,146.67,95.42,1012.8,12.370721862703558,远洋一号,VOYAGE_0001,上海,新加坡
2024-01-01 18:00:00,121.27719,31.95736,16.8,29.87,12.88,260.79,88.49,930.1,12.370721862703558,远洋一号,VOYAGE_0001,上海,新加坡
2024-01-01 18:10:00,121.302398,31.966584,18.74,53.08,4.23,182.6,88.17,1569.3,12.370721862703558,远洋一号,VOYAGE_0001,上海,新加坡
2024-01-01 18:20:00,121.32757,31.975784,18.41,34.3,13.82,38.03,122.87,988.1,12.370721862703558,远洋一号,VOYAGE_0001,上海,新加坡
2024-01-01 18:30:00,121.352707,31.98496,15.9,27.98,7.44,220.3,80.87,794.6,12.370721862703558,远洋一号,VOYAGE_0001,上海,新加坡
2024-01-01 18:40:00,121.377808,31.994114,17.15,32.23,6.41,216.44,82.23,940.1,12.370721862703558,远洋一号,VOYAGE_0001,上海,新加坡
2024-01-01 18:50:00,121.402873,32.003244,17.22,33.1,4.29,344.42,89.16,1075.6,12.370721862703558,远洋一号,VOYAGE_0001,上海,新加坡
2024-01-01 19:00:00,121.427901,32.01235,18.39,36.13,15.72,95.71,83.38,1162.2,12.370721862703558,远洋一号,VOYAGE_0001,上海,新加坡
2024-01-01 19:10:00,121.452893,32.021434,17.16,32.33,18.0,203.65,79.95,1033.1,12.370721862703558,远洋一号,VOYAGE_0001,上海,新加坡
2024-01-01 19:20:00,121.477848,32.030494,17.54,28.6,14.31,298.6,83.34,734.0,12.370721862703558,远洋一号,VOYAGE_0001,上海,新加坡
2024-01-01 19:30:00,121.502765,32.039531,18.38,35.81,13.79,146.92,69.27,1049.5,12.370721862703558,远洋一号,VOYAGE_0001,上海,新加坡
2024-01-01 19:40:00,121.527645,32.048545,17.43,29.79,10.64,207.96,92.2,842.9,12.370721862703558,远洋一号,VOYAGE_0001,上海,新加坡
2024-01-01 19:50:00,121.552488,32.057536,17.54,33.25,15.5,336.6,91.28,911.3,12.370721862703558,远洋一号,VOYAGE_0001,上海,新加坡
2024-01-01 20:00:00,121.577292,32.066504,17.2,32.87,6.23,267.24,81.36,1021.0,12.370721862703558,远洋一号,VOYAGE_0001,上海,新加坡
2024-01-01 20:10:00,121.602058,32.075449,17.37,32.75,9.65,123.71,87.29,983.8,12.370721862703558,远洋一号,VOYAGE_0001,上海,新加坡
2024-01-01 20:20:00,121.626785,32.084372,18.37,35.79,8.55,211.9,95.35,1047.0,12.370721862703558,远洋一号,VOYAGE_0001,上海,新加坡
2024-01-01 20:30:00,121.651474,32.093271,18.66,36.1,15.72,298.87,97.3,1141.8,12.370721862703558,远洋一号,VOYAGE_0001,上海,新加坡
2024-01-01 20:40:00,121.676123,32.102148,18.46,34.6,7.05,88.93,58.21,999.9,12.370721862703558,远洋一号,VOYAGE_0001,上海,新加坡
2024-01-01 20:50:00,121.700733,32.111002,16.76,30.98,13.28,346.79,94.23,909.6,12.370721862703558,远洋一号,VOYAGE_0001,上海,新加坡
2024-01-01 21:00:00,121.725303,32.119833,18.0,35.71,18.65,246.24,96.54,1086.9,12.370721862703558,远洋一号,VOYAGE_0001,上海,新加坡
2024-01-01 21:10:00,121.749834,32.128642,17.33,34.25,9.51,241.09,92.47,1021.3,12.370721862703558,远洋一号,VOYAGE_0001,上海,新加坡
2024-01-01 21:20:00,121.774324,32.137429,17.82,33.03,5.42,15.48,91.21,1033.6,12.370721862703558,远洋一号,VOYAGE_0001,上海,新加坡
2024-01-01 21:30:00,121.798774,32.146192,17.75,31.14,17.52,274.46,90.17,1000.3,12.370721862703558,远洋一号,VOYAGE_0001,上海,新加坡
2024-01-01 21:40:00,121.823183,32.154934,17.62,32.92,17.16,111.07,97.95,984.7,12.370721862703558,远洋一号,VOYAGE_0001,上海,新加坡
2024-01-01 21:50:00,121.847551,32.163653,17.45,33.82,8.92,22.21,82.15,1026.0,12.370721862703558,远洋一号,VOYAGE_0001,上海,新加坡
2024-01-01 22:00:00,121.871878,32.17235,18.0,35.22,5.81,92.07,86.64,1188.3,12.370721862703558,远洋一号,VOYAGE_0001,上海,新加坡
2024-01-01 22:10:00,121.896163,32.181024,17.79,33.43,17.22,330.51,92.86,1054.8,12.370721862703558,远洋一号,VOYAGE_0001,上海,新加坡
2024-01-01 22:20:00,121.920407,32.189676,17.03,29.35,11.29,134.34,89.25,862.1,12.370721862703558,远洋一号,VOYAGE_0001,上海,新加坡
2024-01-01 22:30:00,121.944608,32.198307,18.07,35.74,15.75,216.83,83.58,1115.7,12.370721862703558,远洋一号,VOYAGE_0001,上海,新加坡
2024-01-01 22:40:00,121.968768,32.206915,17.51,33.72,4.56,168.32,91.48,1058.2,12.370721862703558,远洋一号,VOYAGE_0001,上海,新加坡
2024-01-01 22:50:00,121.992884,32.215501,17.53,31.95,6.94,20.1,72.24,991.0,12.370721862703558,远洋一号,VOYAGE_0001,上海,新加坡
2024-01-01 23:00:00,122.016959,32.224065,17.59,32.64,18.55,103.99,79.93,1002.3,12.370721862703558,远洋一号,VOYAGE_0001,上海,新加坡
2024-01-01 23:10:00,122.04099,32.232607,17.05,29.74,18.27,114.13,44.48,949.3,12.370721862703558,远洋一号,VOYAGE_0001,上海,新加坡
2024-01-01 23:20:00,122.064978,32.241127,16.9,29.59,17.19,80.89,91.99,851.4,12.370721862703558,远洋一号,VOYAGE_0001,上海,新加坡
2024-01-01 23:30:00,122.088922,32.249626,17.5,30.26,3.75,299.67,89.72,918.5,12.370721862703558,远洋一号,VOYAGE_0001,上海,新加坡
2024-01-01 23:40:00,122.112823,32.258103,17.71,32.75,12.58,176.57,91.11,985.4,12.370721862703558,远洋一号,VOYAGE_0001,上海,新加坡
2024-01-01 23:50:00,122.13668,32.266558,17.73,30.81,8.19,162.68,75.94,987.8,12.370721862703558,远洋一号,VOYAGE_0001,上海,新加坡
2024-01-02 00:00:00,122.160492,32.274991,16.98,32.51,12.44,194.14,89.69,992.4,12.370721862703558,远洋一号,VOYAGE_0001,上海,新加坡
2024-01-02 00:10:00,122.18426,32.283404,17.71,30.48,7.59,148.21,90.26,875.5,12.370721862703558,远洋一号,VOYAGE_0001,上海,新加坡
2024-01-02 00:20:00,122.207984,32.291794,17.79,32.06,9.14,73.43,98.39,912.5,12.370721862703558,远洋一号,VOYAGE_0001,上海,新加坡
2024-01-02 00:30:00,122.231662,32.300163,18.16,33.86,8.91,160.46,89.92,980.9,12.370721862703558,远洋一号,VOYAGE_0001,上海,新加坡
2024-01-02 00:40:00,122.255296,32.308511,17.68,33.77,8.24,198.63,95.21,998.2,12.370721862703558,远洋一号,VOYAGE_0001,上海,新加坡
2024-01-02 00:50:00,122.278883,32.316837,18.21,35.99,18.73,5.72,80.63,1073.3,12.370721862703558,远洋一号,VOYAGE_0001,上海,新加坡
2024-01-02 01:00:00,122.302426,32.325143,17.16,30.61,9.54,271.89,86.87,912.8,12.370721862703558,远洋一号,VOYAGE_0001,上海,新加坡
2024-01-02 01:10:00,122.325922,32.333427,18.31,34.81,19.7,5.33,91.34,1055.6,12.370721862703558,远洋一号,VOYAGE_0001,上海,新加坡
2024-01-02 01:20:00,122.349372,32.34169,18.77,36.94,12.7,140.54,93.52,1040.0,12.370721862703558,远洋一号,VOYAGE_0001,上海,新加坡
2024-01-02 01:30:00,122.372776,32.349932,17.89,31.26,16.7,262.0,79.39,893.7,12.370721862703558,远洋一号,VOYAGE_0001,上海,新加坡
2024-01-02 01:40:00,122.396134,32.358153,17.79,34.72,18.29,329.42,91.89,1034.0,12.370721862703558,远洋一号,VOYAGE_0001,上海,新加坡
2024-01-02 01:50:00,122.419445,32.366353,17.91,34.27,6.95,8.8,86.61,926.9,12.370721862703558,远洋一号,VOYAGE_0001,上海,新加坡
2024-01-02 02:00:00,122.442708,32.374532,17.92,30.51,15.83,30.26,84.17,867.0,12.370721862703558,远洋一号,VOYAGE_0001,上海,新加坡
2024-01-02 02:10:00,122.465925,32.382691,17.36,30.71,3.07,53.13,92.13,916.2,12.370721862703558,远洋一号,VOYAGE_0001,上海,新加坡
2024-01-02 02:20:00,122.489094,32.390828,17.91,34.03,4.38,146.72,87.55,996.1,12.370721862703558,远洋一号,VOYAGE_0001,上海,新加坡
2024-01-02 02:30:00,122.512215,32.398945,17.29,29.83,18.99,322.71,89.77,917.0,12.370721862703558,远洋一号,VOYAGE_0001,上海,新加坡
2024-01-02 02:40:00,122.535288,32.407042,18.09,35.13,18.62,112.11,94.92,1082.6,12.370721862703558,远洋一号,VOYAGE_0001,上海,新加坡
2024-01-02 02:50:00,122.558314,32.415118,18.28,34.06,7.9,198.95,90.76,912.9,12.370721862703558,远洋一号,VOYAGE_0001,上海,新加坡
2024-01-02 03:00:00,122.581291,32.423174,20.77,50.46,17.89,288.01,87.75,1516.1,12.370721862703558,远洋一号,VOYAGE_0001,上海,新加坡
2024-01-02 03:10:00,122.604219,32.431209,17.9,33.54,3.93,58.41,76.34,993.7,12.370721862703558,远洋一号,VOYAGE_0001,上海,新加坡
2024-01-02 03:20:00,122.627099,32.439224,16.84,32.53,13.01,116.63,88.16,1003.9,12.370721862703558,远洋一号,VOYAGE_0001,上海,新加坡
2024-01-02 03:30:00,122.64993,32.447218,17.6,29.66,13.87,321.31,91.58,866.5,12.370721862703558,远洋一号,VOYAGE_0001,上海,新加坡
2024-01-02 03:40:00,122.672711,32.455193,17.48,34.35,12.11,73.19,80.91,1072.9,12.370721862703558,远洋一号,VOYAGE_0001,上海,新加坡
2024-01-02 03:50:00,122.695443,32.463147,17.5,33.31,17.16,245.8,124.87,1043.2,12.370721862703558,远洋一号,VOYAGE_0001,上海,新加坡
2024-01-02 04:00:00,122.718126,32.471082,18.06,34.27,15.11,230.62,59.34,1080.6,12.370721862703558,远洋一号,VOYAGE_0001,上海,新加坡
2024-01-02 04:10:00,122.740759,32.478996,18.83,33.64,19.46,340.54,91.3,998.4,12.370721862703558,远洋一号,VOYAGE_0001,上海,新加坡
2024-01-02 04:20:00,122.763342,32.486891,16.75,29.8,18.5,230.68,94.62,887.4,12.370721862703558,远洋一号,VOYAGE_0001,上海,新加坡
2024-01-02 04:30:00,122.785874,32.494765,17.69,31.96,4.33,263.31,88.56,972.2,12.370721862703558,远洋一号,VOYAGE_0001,上海,新加坡
2024-01-02 04:40:00,122.808357,32.50262,17.49,31.98,15.33,102.45,92.47,1022.7,12.370721862703558,远洋一号,VOYAGE_0001,上海,新加坡
2024-01-02 04:50:00,122.830788,32.510456,17.05,35.3,13.28,99.64,85.81,1066.4,12.370721862703558,远洋一号,VOYAGE_0001,上海,新加坡
2024-01-02 05:00:00,122.853169,32.518272,17.94,30.88,13.91,311.66,94.6,995.0,12.370721862703558,远洋一号,VOYAGE_0001,上海,新加坡
2024-01-02 05:10:00,122.875499,32.526068,17.94,33.12,19.08,71.39,84.77,1005.5,12.370721862703558,远洋一号,VOYAGE_0001,上海,新加坡
2024-01-02 05:20:00,122.897778,32.533844,18.03,32.54,4.86,112.16,86.03,953.4,12.370721862703558,远洋一号,VOYAGE_0001,上海,新加坡
2024-01-02 05:30:00,122.920005,32.541602,17.27,32.29,6.84,173.46,91.03,986.4,12.370721862703558,远洋一号,VOYAGE_0001,上海,新加坡
2024-01-02 05:40:00,122.942181,32.54934,18.13,36.71,5.44,136.34,87.2,1124.0,12.370721862703558,远洋一号,VOYAGE_0001,上海,新加坡
2024-01-02 05:50:00,122.964304,32.557059,17.99,32.14,8.73,321.13,91.5,1022.2,12.370721862703558,远洋一号,VOYAGE_0001,上海,新加坡
2024-01-02 06:00:00,122.986376,32.564758,17.07,32.79,11.36,144.79,81.36,1007.2,12.370721862703558,远洋一号,VOYAGE_0001,上海,新加坡
2024-01-02 06:10:00,123.008396,32.572439,17.93,31.96,18.32,251.19,81.09,993.4,12.370721862703558,远洋一号,VOYAGE_0001,上海,新加坡
2024-01-02 06:20:00,123.030364,32.5801,18.44,56.82,15.83,31.26,83.02,1780.6,12.370721862703558,远洋一号,VOYAGE_0001,上海,新加坡
2024-01-02 06:30:00,123.052279,32.587743,18.88,34.79,6.67,273.87,89.15,1080.0,12.370721862703558,远洋一号,VOYAGE_0001,上海,新加坡
2024-01-02 06:40:00,123.074141,32.595367,17.86,32.57,4.1,8.39,76.07,1014.9,12.370721862703558,远洋一号,VOYAGE_0001,上海,新加坡
2024-01-02 06:50:00,123.095951,32.602972,18.43,36.43,7.06,189.89,92.38,1083.6,12.370721862703558,远洋一号,VOYAGE_0001,上海,新加坡
2024-01-02 07:00:00,123.117707,32.610558,17.89,35.11,16.17,90.8,92.99,1058.6,12.370721862703558,远洋一号,VOYAGE_0001,上海,新加坡
2024-01-02 07:10:00,123.139411,32.618125,18.05,33.49,7.56,334.87,82.24,1067.4,12.370721862703558,远洋一号,VOYAGE_0001,上海,新加坡
2024-01-02 07:20:00,123.16106,32.625674,18.9,35.32,12.16,346.79,84.8,1055.6,12.370721862703558,远洋一号,VOYAGE_0001,上海,新加坡
2024-01-02 07:30:00,123.182657,32.633205,17.26,33.92,3.81,203.71,85.88,1063.4,12.370721862703558,远洋一号,VOYAGE_0001,上海,新加坡
2024-01-02 07:40:00,123.204199,32.640717,15.84,50.35,15.41,336.68,79.43,1556.0,12.370721862703558,远洋一号,VOYAGE_0001,上海,新加坡
2024-01-02 07:50:00,123.225688,32.648211,17.82,34.01,10.53,344.71,89.97,993.2,12.370721862703558,远洋一号,VOYAGE_0001,上海,新加坡
2024-01-02 08:00:00,123.247123,32.655687,17.91,29.21,5.19,350.02,93.91,887.2,12.370721862703558,远洋一号,VOYAGE_0001,上海,新加坡
2024-01-02 08:10:00,123.268503,32.663144,18.01,36.35,10.78,141.96,90.12,1050.1,12.370721862703558,远洋一号,VOYAGE_0001,上海,新加坡
2024-01-02 08:20:00,123.289829,32.670583,17.87,34.87,12.74,303.47,81.86,989.9,12.370721862703558,远洋一号,VOYAGE_0001,上海,新加坡
2024-01-02 08:30:00,123.3111,32.678005,17.12,31.96,19.03,284.21,76.35,1042.8,12.370721862703558,远洋一号,VOYAGE_0001,上海,新加坡
2024-01-02 08:40:00,123.332317,32.685408,17.93,33.93,6.75,186.71,46.1,918.4,12.370721862703558,远洋一号,VOYAGE_0001,上海,新加坡
2024-01-02 08:50:00,123.353478,32.692793,17.75,34.09,7.63,358.54,77.37,1114.2,12.370721862703558,远洋一号,VOYAGE_0001,上海,新加坡
2024-01-02 09:00:00,123.374585,32.700161,17.37,31.25,15.21,174.39,96.47,995.3,12.370721862703558,远洋一号,VOYAGE_0001,上海,新加坡
2024-01-02 09:10:00,123.395637,32.707511,17.45,30.01,19.89,134.6,79.88,896.8,12.370721862703558,远洋一号,VOYAGE_0001,上海,新加坡
2024-01-02 09:20:00,123.416633,32.714843,18.36,37.66,17.67,186.03,85.69,1113.2,12.370721862703558,远洋一号,VOYAGE_0001,上海,新加坡
2024-01-02 09:30:00,123.437573,32.722158,17.76,37.0,3.16,215.72,86.52,1090.2,12.370721862703558,远洋一号,VOYAGE_0001,上海,新加坡
2024-01-02 09:40:00,123.458458,32.729456,17.91,32.76,19.53,198.75,86.33,925.0,12.370721862703558,远洋一号,VOYAGE_0001,上海,新加坡
2024-01-02 09:50:00,123.479287,32.736736,17.7,32.29,10.61,260.14,99.61,934.8,12.370721862703558,远洋一号,VOYAGE_0001,上海,新加坡
2024-01-02 10:00:00,123.50006,32.743998,17.03,31.82,5.24,242.34,89.65,847.3,12.370721862703558,远洋一号,VOYAGE_0001,上海,新加坡
2024-01-02 10:10:00,123.520777,32.751244,18.23,34.97,7.43,283.46,42.18,1054.5,12.370721862703558,远洋一号,VOYAGE_0001,上海,新加坡
2024-01-02 10:20:00,123.541438,32.758472,17.51,36.22,12.18,227.07,82.47,1033.8,12.370721862703558,远洋一号,VOYAGE_0001,上海,新加坡
2024-01-02 10:30:00,123.562042,32.765684,17.68,31.01,12.73,241.32,83.01,888.2,12.370721862703558,远洋一号,VOYAGE_0001,上海,新加坡
2024-01-02 10:40:00,123.58259,32.772878,17.24,32.19,11.8,243.88,63.93,992.3,12.370721862703558,远洋一号,VOYAGE_0001,上海,新加坡
2024-01-02 10:50:00,123.603081,32.780056,17.77,33.12,9.52,92.11,76.13,958.6,12.370721862703558,远洋一号,VOYAGE_0001,上海,新加坡
2024-01-02 11:00:00,123.623516,32.787216,17.0,33.75,18.27,220.38,89.55,952.6,12.370721862703558,远洋一号,VOYAGE_0001,上海,新加坡
2024-01-02 11:10:00,123.643893,32.79436,17.7,34.85,13.06,77.81,68.03,1171.7,12.370721862703558,远洋一号,VOYAGE_0001,上海,新加坡
2024-01-02 11:20:00,123.664213,32.801488,17.42,30.32,13.91,305.62,84.6,900.5,12.370721862703558,远洋一号,VOYAGE_0001,上海,新加坡
2024-01-02 11:30:00,123.684476,32.808598,17.39,33.02,15.59,163.22,76.38,1014.8,12.370721862703558,远洋一号,VOYAGE_0001,上海,新加坡
2024-01-02 11:40:00,123.704682,32.815693,17.3,32.2,13.3,315.01,85.85,1059.8,12.370721862703558,远洋一号,VOYAGE_0001,上海,新加坡
2024-01-02 11:50:00,123.72483,32.822771,18.2,33.35,18.17,260.5,84.6,1013.5,12.370721862703558,远洋一号,VOYAGE_0001,上海,新加坡
2024-01-02 12:00:00,123.744921,32.829832,17.31,31.58,19.85,135.26,91.46,914.8,12.370721862703558,远洋一号,VOYAGE_0001,上海,新加坡
2024-01-02 12:10:00,123.764954,32.836878,17.79,34.58,9.81,147.43,79.37,973.0,12.370721862703558,远洋一号,VOYAGE_0001,上海,新加坡
2024-01-02 12:20:00,123.784929,32.843907,17.58,35.23,19.97,119.77,85.32,1132.8,12.370721862703558,远洋一号,VOYAGE_0001,上海,新加坡
2024-01-02 12:30:00,123.804846,32.850921,16.96,31.91,13.23,247.55,82.61,971.1,12.370721862703558,远洋一号,VOYAGE_0001,上海,新加坡
2024-01-02 12:40:00,123.824705,32.857918,18.42,36.67,11.6,352.74,81.47,1080.0,12.370721862703558,远洋一号,VOYAGE_0001,上海,新加坡
2024-01-02 12:50:00,123.844506,32.864899,18.17,34.32,17.98,322.15,48.05,1107.4,12.370721862703558,远洋一号,VOYAGE_0001,上海,新加坡
2024-01-02 13:00:00,123.864248,32.871865,17.52,30.85,7.1,73.3,82.92,938.6,12.370721862703558,远洋一号,VOYAGE_0001,上海,新加坡
2024-01-02 13:10:00,123.883932,32.878815,18.04,32.92,18.83,253.35,74.39,922.8,12.370721862703558,远洋一号,VOYAGE_0001,上海,新加坡
2024-01-02 13:20:00,123.903558,32.88575,17.29,34.54,16.62,266.29,80.54,1061.9,12.370721862703558,远洋一号,VOYAGE_0001,上海,新加坡
2024-01-02 13:30:00,123.923124,32.892668,17.98,31.65,8.77,344.01,86.51,986.0,12.370721862703558,远洋一号,VOYAGE_0001,上海,新加坡
2024-01-02 13:40:00,123.942632,32.899572,18.0,32.56,10.03,263.43,95.17,1046.4,12.370721862703558,远洋一号,VOYAGE_0001,上海,新加坡
2024-01-02 13:50:00,123.962081,32.90646,17.81,33.75,8.02,276.9,81.79,962.9,12.370721862703558,远洋一号,VOYAGE_0001,上海,新加坡
2024-01-02 14:00:00,123.981472,32.913333,17.21,31.6,19.59,152.1,79.38,1000.6,12.370721862703558,远洋一号,VOYAGE_0001,上海,新加坡
2024-01-02 14:10:00,124.000803,32.920191,18.07,59.26,3.22,58.44,85.88,1782.0,12.370721862703558,远洋一号,VOYAGE_0001,上海,新加坡
2024-01-02 14:20:00,124.020074,32.927033,17.21,32.67,5.51,19.02,75.22,970.2,12.370721862703558,远洋一号,VOYAGE_0001,上海,新加坡
2024-01-02 14:30:00,124.039287,32.933861,17.8,31.3,3.82,305.89,86.37,982.4,12.370721862703558,远洋一号,VOYAGE_0001,上海,新加坡
2024-01-02 14:40:00,124.05844,32.940674,17.01,28.53,16.09,66.31,77.72,854.8,12.370721862703558,远洋一号,VOYAGE_0001,上海,新加坡
2024-01-02 14:50:00,124.077534,32.947472,16.67,68.13,12.58,197.94,82.15,2004.5,12.370721862703558,远洋一号,VOYAGE_0001,上海,新加坡
2024-01-02 15:00:00,124.096568,32.954255,18.37,32.79,7.76,196.38,74.64,968.7,12.370721862703558,远洋一号,VOYAGE_0001,上海,新加坡
2024-01-02 15:10:00,124.115542,32.961024,17.97,29.49,9.54,323.94,116.11,841.1,12.370721862703558,远洋一号,VOYAGE_0001,上海,新加坡
2024-01-02 15:20:00,124.134457,32.967778,17.11,30.23,5.04,291.9,92.65,1020.1,12.370721862703558,远洋一号,VOYAGE_0001,上海,新加坡
2024-01-02 15:30:00,124.153312,32.974517,17.71,36.2,7.79,272.74,84.89,1141.3,12.370721862703558,远洋一号,VOYAGE_0001,上海,新加坡
2024-01-02 15:40:00,124.172106,32.981243,17.45,34.55,14.59,347.04,80.98,979.3,12.370721862703558,远洋一号,VOYAGE_0001,上海,新加坡
2024-01-02 15:50:00,124.190841,32.987954,17.58,31.73,4.92,29.25,77.43,1009.7,12.370721862703558,远洋一号,VOYAGE_0001,上海,新加坡
2024-01-02 16:00:00,124.209516,32.994651,17.57,29.72,16.47,59.38,89.18,883.2,12.370721862703558,远洋一号,VOYAGE_0001,上海,新加坡
2024-01-02 16:10:00,124.22813,33.001333,17.88,33.44,17.5,31.96,125.39,990.2,12.370721862703558,远洋一号,VOYAGE_0001,上海,新加坡
2024-01-02 16:20:00,124.246685,33.008002,17.33,32.89,4.93,337.78,83.98,879.8,12.370721862703558,远洋一号,VOYAGE_0001,上海,新加坡
2024-01-02 16:30:00,124.265179,33.014657,17.3,31.9,10.33,185.09,81.82,927.3,12.370721862703558,远洋一号,VOYAGE_0001,上海,新加坡
2024-01-02 16:40:00,124.283612,33.021298,17.17,33.17,14.69,258.09,74.38,1003.0,12.370721862703558,远洋一号,VOYAGE_0001,上海,新加坡
2024-01-02 16:50:00,124.301985,33.027926,17.74,35.64,5.22,47.48,74.68,1128.6,12.370721862703558,远洋一号,VOYAGE_0001,上海,新加坡
2024-01-02 17:00:00,124.320297,33.034539,17.9,32.8,9.52,294.48,76.88,982.5,12.370721862703558,远洋一号,VOYAGE_0001,上海,新加坡
2024-01-02 17:10:00,124.338549,33.04114,17.98,33.12,9.28,264.23,73.7,939.1,12.370721862703558,远洋一号,VOYAGE_0001,上海,新加坡
2024-01-02 17:20:00,124.35674,33.047727,17.68,31.93,17.05,30.37,78.74,958.3,12.370721862703558,远洋一号,VOYAGE_0001,上海,新加坡
2024-01-02 17:30:00,124.374871,33.0543,17.67,34.13,14.95,107.04,113.19,1042.7,12.370721862703558,远洋一号,VOYAGE_0001,上海,新加坡
2024-01-02 17:40:00,124.39294,33.06086,17.24,31.17,12.47,195.73,73.12,971.9,12.370721862703558,远洋一号,VOYAGE_0001,上海,新加坡
2024-01-02 17:50:00,124.410949,33.067407,17.13,32.13,18.18,272.09,78.32,886.5,12.370721862703558,远洋一号,VOYAGE_0001,上海,新加坡
2024-01-02 18:00:00,124.428896,33.073941,17.9,36.71,8.07,163.79,78.48,1140.0,12.370721862703558,远洋一号,VOYAGE_0001,上海,新加坡
2024-01-02 18:10:00,124.446783,33.080463,17.65,34.08,11.98,347.24,85.49,1029.9,12.370721862703558,远洋一号,VOYAGE_0001,上海,新加坡
2024-01-02 18:20:00,124.464608,33.086971,17.45,31.85,11.93,2.85,79.37,970.4,12.370721862703558,远洋一号,VOYAGE_0001,上海,新加坡
2024-01-02 18:30:00,124.482373,33.093466,17.5,35.61,13.21,5.81,74.91,1073.2,12.370721862703558,远洋一号,VOYAGE_0001,上海,新加坡
2024-01-02 18:40:00,124.500076,33.099949,16.72,31.71,4.1,330.05,74.6,958.7,12.370721862703558,远洋一号,VOYAGE_0001,上海,新加坡
2024-01-02 18:50:00,124.517718,33.106419,17.72,34.62,5.91,194.32,83.59,1075.3,12.370721862703558,远洋一号,VOYAGE_0001,上海,新加坡
2024-01-02 19:00:00,124.535298,33.112877,17.37,32.89,9.38,6.15,80.87,1051.3,12.370721862703558,远洋一号,VOYAGE_0001,上海,新加坡
2024-01-02 19:10:00,124.552818,33.119322,18.38,32.99,3.38,92.32,77.76,1000.6,12.370721862703558,远洋一号,VOYAGE_0001,上海,新加坡
2024-01-02 19:20:00,124.570276,33.125755,16.65,29.76,4.66,215.47,79.94,873.7,12.370721862703558,远洋一号,VOYAGE_0001,上海,新加坡
2024-01-02 19:30:00,124.587672,33.132176,18.3,32.44,17.32,337.09,81.06,1012.1,12.370721862703558,远洋一号,VOYAGE_0001,上海,新加坡
2024-01-02 19:40:00,124.605007,33.138585,17.61,32.31,3.91,173.65,77.69,924.4,12.370721862703558,远洋一号,VOYAGE_0001,上海,新加坡
2024-01-02 19:50:00,124.622281,33.144981,17.48,32.81,6.12,183.24,75.18,990.6,12.370721862703558,远洋一号,VOYAGE_0001,上海,新加坡
2024-01-02 20:00:00,124.639493,33.151366,16.79,30.78,15.35,4.97,83.38,916.6,12.370721862703558,远洋一号,VOYAGE_0001,上海,新加坡
2024-01-02 20:10:00,124.656643,33.157739,18.34,35.35,19.45,110.97,73.18,1030.4,12.370721862703558,远洋一号,VOYAGE_0001,上海,新加坡
2024-01-02 20:20:00,124.673732,33.164101,17.06,29.91,19.99,195.32,69.93,916.3,12.370721862703558,远洋一号,VOYAGE_0001,上海,新加坡
2024-01-02 20:30:00,124.690759,33.17045,17.35,32.16,8.21,206.91,79.41,1027.2,12.370721862703558,远洋一号,VOYAGE_0001,上海,新加坡
2024-01-02 20:40:00,124.707725,33.176788,17.24,34.23,11.53,253.49,42.39,1004.7,12.370721862703558,远洋一号,VOYAGE_0001,上海,新加坡
2024-01-02 20:50:00,124.724629,33.183115,16.79,29.45,7.91,346.24,77.32,859.0,12.370721862703558,远洋一号,VOYAGE_0001,上海,新加坡
2024-01-02 21:00:00,124.741471,33.189431,17.25,32.82,17.32,314.77,83.07,972.3,12.370721862703558,远洋一号,VOYAGE_0001,上海,新加坡
2024-01-02 21:10:00,124.758251,33.195735,16.75,30.39,9.27,342.24,87.5,943.6,12.370721862703558,远洋一号,VOYAGE_0001,上海,新加坡
2024-01-02 21:20:00,124.77497,33.202028,17.56,34.4,8.1,332.88,72.84,1181.5,12.370721862703558,远洋一号,VOYAGE_0001,上海,新加坡
2024-01-02 21:30:00,124.791626,33.20831,17.4,34.76,11.69,321.05,76.35,1075.6,12.370721862703558,远洋一号,VOYAGE_0001,上海,新加坡
2024-01-02 21:40:00,124.808221,33.214581,17.77,32.27,12.06,58.7,65.49,975.0,12.370721862703558,远洋一号,VOYAGE_0001,上海,新加坡
2024-01-02 21:50:00,124.824754,33.220841,17.4,33.78,8.45,242.99,67.93,1031.1,12.370721862703558,远洋一号,VOYAGE_0001,上海,新加坡
2024-01-02 22:00:00,124.841226,33.227091,16.87,30.73,7.04,24.34,91.59,812.8,12.370721862703558,远洋一号,VOYAGE_0001,上海,新加坡
2024-01-02 22:10:00,124.857635,33.23333,16.89,28.51,10.46,46.03,75.38,883.4,12.370721862703558,远洋一号,VOYAGE_0001,上海,新加坡
2024-01-02 22:20:00,124.873982,33.239558,17.61,32.99,18.17,26.27,65.6,958.8,12.370721862703558,远洋一号,VOYAGE_0001,上海,新加坡
2024-01-02 22:30:00,124.890268,33.245776,16.95,33.87,15.91,152.62,78.93,1054.4,12.370721862703558,远洋一号,VOYAGE_0001,上海,新加坡
2024-01-02 22:40:00,124.906492,33.251984,17.69,34.39,11.61,107.25,66.29,982.6,12.370721862703558,远洋一号,VOYAGE_0001,上海,新加坡
2024-01-02 22:50:00,124.922654,33.258181,17.39,35.16,11.36,36.41,67.91,1081.9,12.370721862703558,远洋一号,VOYAGE_0001,上海,新加坡
2024-01-02 23:00:00,124.938754,33.264369,17.4,32.04,14.11,303.54,98.83,874.9,12.370721862703558,远洋一号,VOYAGE_0001,上海,新加坡
2024-01-02 23:10:00,124.954792,33.270546,17.24,31.66,13.75,27.33,71.53,991.5,12.370721862703558,远洋一号,VOYAGE_0001,上海,新加坡
2024-01-02 23:20:00,124.970768,33.276713,17.0,31.04,6.72,132.28,75.44,863.1,12.370721862703558,远洋一号,VOYAGE_0001,上海,新加坡
2024-01-02 23:30:00,124.986682,33.282871,17.24,31.7,5.84,116.73,115.08,963.1,12.370721862703558,远洋一号,VOYAGE_0001,上海,新加坡
2024-01-02 23:40:00,125.002534,33.289018,17.08,29.26,6.77,358.25,76.08,899.5,12.370721862703558,远洋一号,VOYAGE_0001,上海,新加坡
2024-01-02 23:50:00,125.018325,33.295157,16.89,30.72,8.79,169.44,75.61,901.1,12.370721862703558,远洋一号,VOYAGE_0001,上海,新加坡
2024-01-03 00:00:00,125.034054,33.301285,16.99,30.87,16.18,247.81,81.13,935.1,12.370721862703558,远洋一号,VOYAGE_0001,上海,新加坡
2024-01-03 00:10:00,125.04972,33.307404,16.15,27.67,18.3,272.01,64.2,844.6,12.370721862703558,远洋一号,VOYAGE_0001,上海,新加坡
2024-01-03 00:20:00,125.065325,33.313514,17.76,33.87,18.96,162.17,69.19,1008.5,12.370721862703558,远洋一号,VOYAGE_0001,上海,新加坡
2024-01-03 00:30:00,125.080868,33.319615,17.26,33.1,11.36,257.34,70.45,1022.1,12.370721862703558,远洋一号,VOYAGE_0001,上海,新加坡
2024-01-03 00:40:00,125.096349,33.325706,17.62,35.03,16.22,75.49,77.45,1041.5,12.370721862703558,远洋一号,VOYAGE_0001,上海,新加坡
2024-01-03 00:50:00,125.111769,33.331789,17.1,31.77,15.42,247.82,68.16,932.7,12.370721862703558,远洋一号,VOYAGE_0001,上海,新加坡
2024-01-03 01:00:00,125.127126,33.337863,17.64,31.92,12.3,187.95,70.51,933.3,12.370721862703558,远洋一号,VOYAGE_0001,上海,新加坡
2024-01-03 01:10:00,125.142422,33.343927,18.29,33.53,4.88,207.66,75.42,1014.0,12.370721862703558,远洋一号,VOYAGE_0001,上海,新加坡
2024-01-03 01:20:00,125.157656,33.349984,17.42,31.09,14.93,327.3,81.13,884.1,12.370721862703558,远洋一号,VOYAGE_0001,上海,新加坡
2024-01-03 01:30:00,125.172829,33.356031,17.47,32.72,17.79,31.27,65.21,959.4,12.370721862703558,远洋一号,VOYAGE_0001,上海,新加坡
2024-01-03 01:40:00,125.187939,33.36207,16.83,31.26,17.78,263.93,67.63,849.8,12.370721862703558,远洋一号,VOYAGE_0001,上海,新加坡
2024-01-03 01:50:00,125.202988,33.368101,17.03,30.16,8.62,265.82,71.91,876.0,12.370721862703558,远洋一号,VOYAGE_0001,上海,新加坡
2024-01-03 02:00:00,125.217976,33.374123,16.95,28.84,5.38,2.9,74.02,841.4,12.370721862703558,远洋一号,VOYAGE_0001,上海,新加坡
2024-01-03 02:10:00,125.232901,33.380137,16.77,30.01,12.23,303.48,66.69,947.6,12.370721862703558,远洋一号,VOYAGE_0001,上海,新加坡
2024-01-03 02:20:00,125.247765,33.386143,17.89,33.79,13.67,216.38,35.73,1102.8,12.370721862703558,远洋一号,VOYAGE_0001,上海,新加坡
2024-01-03 02:30:00,125.262568,33.392141,17.0,32.56,3.2,9.27,60.81,1019.7,12.370721862703558,远洋一号,VOYAGE_0001,上海,新加坡
2024-01-03 02:40:00,125.277309,33.398131,17.65,33.46,13.71,216.92,76.08,1086.8,12.370721862703558,远洋一号,VOYAGE_0001,上海,新加坡
2024-01-03 02:50:00,125.291989,33.404114,17.06,32.51,4.08,162.49,71.59,1002.8,12.370721862703558,远洋一号,VOYAGE_0001,上海,新加坡
2024-01-03 03:00:00,125.306607,33.410088,16.58,28.74,6.73,80.75,72.03,821.7,12.370721862703558,远洋一号,VOYAGE_0001,上海,新加坡
2024-01-03 03:10:00,125.321164,33.416056,16.79,32.0,14.91,52.59,73.07,922.7,12.370721862703558,远洋一号,VOYAGE_0001,上海,新加坡
2024-01-03 03:20:00,125.33566,33.422015,17.17,32.54,16.92,225.99,69.86,996.5,12.370721862703558,远洋一号,VOYAGE_0001,上海,新加坡
2024-01-03 03:30:00,125.350094,33.427968,16.72,30.03,4.53,330.16,66.1,807.1,12.370721862703558,远洋一号,VOYAGE_0001,上海,新加坡
2024-01-03 03:40:00,125.364467,33.433913,16.53,29.73,17.5,41.98,62.3,938.8,12.370721862703558,远洋一号,VOYAGE_0001,上海,新加坡
2024-01-03 03:50:00,125.378779,33.439851,16.92,30.57,17.62,164.67,67.65,960.5,12.370721862703558,远洋一号,VOYAGE_0001,上海,新加坡
2024-01-03 04:00:00,125.39303,33.445781,17.75,33.68,13.37,72.27,72.55,1037.9,12.370721862703558,远洋一号,VOYAGE_0001,上海,新加坡
2024-01-03 04:10:00,125.40722,33.451705,16.8,30.84,5.27,118.23,70.1,956.5,12.370721862703558,远洋一号,VOYAGE_0001,上海,新加坡
2024-01-03 04:20:00,125.421349,33.457623,17.32,33.66,8.22,29.64,62.62,1029.7,12.370721862703558,远洋一号,VOYAGE_0001,上海,新加坡
2024-01-03 04:30:00,125.435417,33.463533,16.73,30.86,5.54,42.59,71.57,896.3,12.370721862703558,远洋一号,VOYAGE_0001,上海,新加坡
2024-01-03 04:40:00,125.449424,33.469437,17.39,32.35,10.38,52.3,28.26,956.4,12.370721862703558,远洋一号,VOYAGE_0001,上海,新加坡
2024-01-03 04:50:00,125.46337,33.475334,16.63,28.27,8.79,53.04,64.56,845.5,12.370721862703558,远洋一号,VOYAGE_0001,上海,新加坡
2024-01-03 05:00:00,125.477255,33.481225,17.27,31.55,14.2,315.58,68.71,932.4,12.370721862703558,远洋一号,VOYAGE_0001,上海,新加坡
2024-01-03 05:10:00,125.49108,33.487109,17.32,34.45,4.61,81.9,67.79,1027.1,12.370721862703558,远洋一号,VOYAGE_0001,上海,新加坡
2024-01-03 05:20:00,125.504844,33.492988,16.9,29.85,14.74,238.39,65.02,977.1,12.370721862703558,远洋一号,VOYAGE_0001,上海,新加坡
2024-01-03 05:30:00,125.518547,33.49886,16.44,28.55,12.71,107.4,67.21,952.2,12.370721862703558,远洋一号,VOYAGE_0001,上海,新加坡
2024-01-03 05:40:00,125.53219,33.504726,16.17,29.3,15.95,92.27,68.69,854.1,12.370721862703558,远洋一号,VOYAGE_0001,上海,新加坡
2024-01-03 05:50:00,125.545773,33.510586,16.79,28.84,12.94,7.55,71.54,971.4,12.370721862703558,远洋一号,VOYAGE_0001,上海,新加坡
2024-01-03 06:00:00,125.559295,33.516441,16.96,31.05,10.47,75.46,75.13,960.9,12.370721862703558,远洋一号,VOYAGE_0001,上海,新加坡
2024-01-03 06:10:00,125.572758,33.52229,16.62,27.21,4.14,225.5,69.12,786.9,12.370721862703558,远洋一号,VOYAGE_0001,上海,新加坡
2024-01-03 06:20:00,125.586159,33.528133,16.83,31.11,15.66,358.67,71.27,1000.5,12.370721862703558,远洋一号,VOYAGE_0001,上海,新加坡
2024-01-03 06:30:00,125.599501,33.533971,17.09,30.18,17.38,109.83,66.71,902.6,12.370721862703558,远洋一号,VOYAGE_0001,上海,新加坡
2024-01-03 06:40:00,125.612783,33.539803,16.83,29.72,9.05,217.37,63.39,797.2,12.370721862703558,远洋一号,VOYAGE_0001,上海,新加坡
2024-01-03 06:50:00,125.626005,33.545631,16.34,29.35,5.46,79.93,73.68,885.0,12.370721862703558,远洋一号,VOYAGE_0001,上海,新加坡
2024-01-03 07:00:00,125.639167,33.551453,15.89,29.3,15.02,147.3,71.85,896.3,12.370721862703558,远洋一号,VOYAGE_0001,上海,新加坡
2024-01-03 07:10:00,125.65227,33.55727,16.81,30.37,18.94,147.45,70.49,887.9,12.370721862703558,远洋一号,VOYAGE_0001,上海,新加坡
2024-01-03 07:20:00,125.665312,33.563082,16.95,31.1,18.29,167.11,71.47,910.7,12.370721862703558,远洋一号,VOYAGE_0001,上海,新加坡
2024-01-03 07:30:00,125.678295,33.56889,15.91,27.74,12.53,99.3,68.12,802.0,12.370721862703558,远洋一号,VOYAGE_0001,上海,新加坡
2024-01-03 07:40:00,125.691219,33.574692,16.36,30.49,8.52,107.51,73.79,930.5,12.370721862703558,远洋一号,VOYAGE_0001,上海,新加坡
2024-01-03 07:50:00,125.704083,33.58049,15.88,28.82,15.36,334.24,71.65,862.5,12.370721862703558,远洋一号,VOYAGE_0001,上海,新加坡
2024-01-03 08:00:00,125.716888,33.586284,16.39,30.38,13.98,238.74,71.95,880.3,12.370721862703558,远洋一号,VOYAGE_0001,上海,新加坡
2024-01-03 08:10:00,125.729634,33.592073,17.07,32.27,12.09,284.43,64.67,1028.8,12.370721862703558,远洋一号,VOYAGE_0001,上海,新加坡
2024-01-03 08:20:00,125.742321,33.597858,16.44,28.01,13.77,255.52,65.49,844.0,12.370721862703558,远洋一号,VOYAGE_0001,上海,新加坡
2024-01-03 08:30:00,125.754949,33.603638,16.89,30.37,11.83,102.14,89.21,866.6,12.370721862703558,远洋一号,VOYAGE_0001,上海,新加坡
2024-01-03 08:40:00,125.767518,33.609415,15.76,28.21,3.8,196.4,72.62,801.0,12.370721862703558,远洋一号,VOYAGE_0001,上海,新加坡
2024-01-03 08:50:00,125.780028,33.615188,16.22,30.61,7.15,104.19,60.14,968.5,12.370721862703558,远洋一号,VOYAGE_0001,上海,新加坡
2024-01-03 09:00:00,125.79248,33.620957,16.57,29.61,5.66,308.56,62.4,828.3,12.370721862703558,远洋一号,VOYAGE_0001,上海,新加坡
2024-01-03 09:10:00,125.804873,33.626722,16.31,27.34,15.15,6.84,64.5,772.1,12.370721862703558,远洋一号,VOYAGE_0001,上海,新加坡
2024-01-03 09:20:00,125.817208,33.632483,15.84,29.06,17.27,157.45,64.36,815.0,12.370721862703558,远洋一号,VOYAGE_0001,上海,新加坡
2024-01-03 09:30:00,125.829484,33.638241,16.63,32.32,15.54,303.69,67.99,914.9,12.370721862703558,远洋一号,VOYAGE_0001,上海,新加坡
2024-01-03 09:40:00,125.841703,33.643996,16.26,29.24,19.21,206.04,68.37,905.2,12.370721862703558,远洋一号,VOYAGE_0001,上海,新加坡
2024-01-03 09:50:00,125.853863,33.649747,15.0,25.2,7.46,180.26,58.7,766.1,12.370721862703558,远洋一号,VOYAGE_0001,上海,新加坡
2024-01-03 10:00:00,125.865965,33.655495,16.74,29.36,4.97,264.74,104.27,953.6,12.370721862703558,远洋一号,VOYAGE_0001,上海,新加坡
2024-01-03 10:10:00,125.87801,33.66124,16.1,29.73,19.11,163.99,62.59,783.9,12.370721862703558,远洋一号,VOYAGE_0001,上海,新加坡
2024-01-03 10:20:00,125.889996,33.666982,16.77,30.7,19.99,41.81,68.8,932.1,12.370721862703558,远洋一号,VOYAGE_0001,上海,新加坡
2024-01-03 10:30:00,125.901926,33.672721,16.3,30.5,14.95,61.76,65.85,950.4,12.370721862703558,远洋一号,VOYAGE_0001,上海,新加坡
2024-01-03 10:40:00,125.913797,33.678457,16.53,31.15,11.28,263.28,56.02,961.3,12.370721862703558,远洋一号,VOYAGE_0001,上海,新加坡
2024-01-03 10:50:00,125.925612,33.684191,15.99,31.11,3.69,322.33,60.88,931.7,12.370721862703558,远洋一号,VOYAGE_0001,上海,新加坡
2024-01-03 11:00:00,125.937369,33.689922,15.67,28.8,19.56,243.22,61.66,802.2,12.370721862703558,远洋一号,VOYAGE_0001,上海,新加坡
2024-01-03 11:10:00,125.949069,33.69565,16.05,26.02,8.88,125.6,53.8,865.3,12.370721862703558,远洋一号,VOYAGE_0001,上海,新加坡
2024-01-03 11:20:00,125.960712,33.701376,16.17,29.95,9.59,301.2,60.67,915.3,12.370721862703558,远洋一号,VOYAGE_0001,上海,新加坡
2024-01-03 11:30:00,125.972299,33.707101,16.09,27.82,3.23,269.02,63.86,874.9,12.370721862703558,远洋一号,VOYAGE_0001,上海,新加坡
2024-01-03 11:40:00,125.983829,33.712822,15.92,27.79,7.61,71.41,63.5,791.5,12.370721862703558,远洋一号,VOYAGE_0001,上海,新加坡
2024-01-03 11:50:00,125.995302,33.718542,16.17,26.23,14.38,211.75,60.59,789.3,12.370721862703558,远洋一号,VOYAGE_0001,上海,新加坡
2024-01-03 12:00:00,126.006719,33.72426,15.79,25.54,16.35,103.46,83.96,789.2,12.370721862703558,远洋一号,VOYAGE_0001,上海,新加坡
2024-01-03 12:10:00,126.01808,33.729977,16.0,26.4,4.18,52.48,56.59,842.6,12.370721862703558,远洋一号,VOYAGE_0001,上海,新加坡
2024-01-03 12:20:00,126.029385,33.735691,15.24,26.86,5.63,344.94,61.58,888.8,12.370721862703558,远洋一号,VOYAGE_0001,上海,新加坡
2024-01-03 12:30:00,126.040634,33.741404,15.16,25.14,11.3,137.02,64.52,674.2,12.370721862703558,远洋一号,VOYAGE_0001,上海,新加坡
2024-01-03 12:40:00,126.051827,33.747116,21.66,51.74,11.05,344.92,65.62,1575.5,12.370721862703558,远洋一号,VOYAGE_0001,上海,新加坡
2024-01-03 12:50:00,126.062964,33.752826,16.38,30.58,4.49,208.08,63.68,898.5,12.370721862703558,远洋一号,VOYAGE_0001,上海,新加坡
2024-01-03 13:00:00,126.074046,33.758535,15.7,25.24,14.65,152.76,63.78,715.0,12.370721862703558,远洋一号,VOYAGE_0001,上海,新加坡
2024-01-03 13:10:00,126.085073,33.764242,16.22,30.82,9.26,283.1,50.92,1018.8,12.370721862703558,远洋一号,VOYAGE_0001,上海,新加坡
2024-01-03 13:20:00,126.096044,33.769949,16.29,29.42,12.61,193.78,59.83,868.3,12.370721862703558,远洋一号,VOYAGE_0001,上海,新加坡
2024-01-03 13:30:00,126.106961,33.775655,15.93,27.6,18.31,330.05,63.86,843.5,12.370721862703558,远洋一号,VOYAGE_0001,上海,新加坡
2024-01-03 13:40:00,126.117822,33.78136,16.68,29.92,4.21,187.71,63.07,832.9,12.370721862703558,远洋一号,VOYAGE_0001,上海,新加坡
2024-01-03 13:50:00,126.128629,33.787064,15.87,28.76,12.34,196.51,59.47,845.8,12.370721862703558,远洋一号,VOYAGE_0001,上海,新加坡
2024-01-03 14:00:00,126.139381,33.792768,15.76,28.69,14.31,340.86,65.44,906.7,12.370721862703558,远洋一号,VOYAGE_0001,上海,新加坡
2024-01-03 14:10:00,126.15008,33.798471,15.8,27.72,18.85,72.32,61.77,879.1,12.370721862703558,远洋一号,VOYAGE_0001,上海,新加坡
2024-01-03 14:20:00,126.160723,33.804174,16.27,31.12,15.44,296.11,58.6,893.1,12.370721862703558,远洋一号,VOYAGE_0001,上海,新加坡
2024-01-03 14:30:00,126.171313,33.809876,15.73,28.74,9.1,254.97,61.51,848.9,12.370721862703558,远洋一号,VOYAGE_0001,上海,新加坡
2024-01-03 14:40:00,126.181849,33.815579,16.43,29.84,10.51,151.56,60.25,839.1,12.370721862703558,远洋一号,VOYAGE_0001,上海,新加坡
2024-01-03 14:50:00,126.192331,33.821281,15.83,26.82,4.48,101.02,65.79,809.7,12.370721862703558,远洋一号,VOYAGE_0001,上海,新加坡
2024-01-03 15:00:00,126.20276,33.826983,15.29,26.44,4.01,18.26,63.36,768.8,12.370721862703558,远洋一号,VOYAGE_0001,上海,新加坡
2024-01-03 15:10:00,126.213136,33.832686,15.88,29.23,18.38,239.85,60.42,871.3,12.370721862703558,远洋一号,VOYAGE_0001,上海,新加坡
2024-01-03 15:20:00,126.223458,33.838389,15.94,31.42,10.9,21.96,49.21,989.6,12.370721862703558,远洋一号,VOYAGE_0001,上海,新加坡
2024-01-03 15:30:00,126.233727,33.844092,15.95,28.97,15.43,102.72,57.63,927.8,12.370721862703558,远洋一号,VOYAGE_0001,上海,新加坡
2024-01-03 15:40:00,126.243944,33.849796,15.62,29.91,13.82,221.88,42.11,883.2,12.370721862703558,远洋一号,VOYAGE_0001,上海,新加坡
2024-01-03 15:50:00,126.254107,33.8555,16.72,32.76,18.53,12.48,58.52,957.8,12.370721862703558,远洋一号,VOYAGE_0001,上海,新加坡
2024-01-03 16:00:00,126.264219,33.861205,20.22,46.2,8.9,163.08,63.32,1414.2,12.370721862703558,远洋一号,VOYAGE_0001,上海,新加坡
2024-01-03 16:10:00,126.274278,33.866911,18.45,39.99,14.89,203.43,59.18,1108.7,12.370721862703558,远洋一号,VOYAGE_0001,上海,新加坡
2024-01-03 16:20:00,126.284285,33.872618,15.63,25.87,17.88,330.96,36.62,819.1,12.370721862703558,远洋一号,VOYAGE_0001,上海,新加坡
2024-01-03 16:30:00,126.29424,33.878326,14.17,24.23,15.41,288.13,67.68,683.5,12.370721862703558,远洋一号,VOYAGE_0001,上海,新加坡
2024-01-03 16:40:00,126.304144,33.884035,15.41,26.01,14.56,64.92,62.74,825.4,12.370721862703558,远洋一号,VOYAGE_0001,上海,新加坡
2024-01-03 16:50:00,126.313996,33.889745,14.99,25.54,16.24,138.81,85.2,823.1,12.370721862703558,远洋一号,VOYAGE_0001,上海,新加坡
2024-01-03 17:00:00,126.323796,33.895456,15.75,27.22,11.67,274.31,66.97,854.0,12.370721862703558,远洋一号,VOYAGE_0001,上海,新加坡
2024-01-03 17:10:00,126.333546,33.901169,16.15,31.84,14.42,163.16,68.32,948.5,12.370721862703558,远洋一号,VOYAGE_0001,上海,新加坡
2024-01-03 17:20:00,126.343244,33.906884,14.93,27.44,9.1,10.38,60.89,909.8,12.370721862703558,远洋一号,VOYAGE_0001,上海,新加坡
2024-01-03 17:30:00,126.352892,33.9126,16.11,29.92,10.42,89.73,55.28,938.5,12.370721862703558,远洋一号,VOYAGE_0001,上海,新加坡
2024-01-03 17:40:00,126.362489,33.918319,14.76,28.16,16.79,81.18,103.2,800.9,12.370721862703558,远洋一号,VOYAGE_0001,上海,新加坡
2024-01-03 17:50:00,126.372036,33.924039,15.76,28.55,16.42,65.5,62.56,867.2,12.370721862703558,远洋一号,VOYAGE_0001,上海,新加坡
2024-01-03 18:00:00,126.381533,33.929761,15.39,25.01,10.01,74.63,53.32,713.9,12.370721862703558,远洋一号,VOYAGE_0001,上海,新加坡
2024-01-03 18:10:00,126.39098,33.935485,14.64,25.38,18.53,11.45,70.14,812.3,12.370721862703558,远洋一号,VOYAGE_0001,上海,新加坡
2024-01-03 18:20:00,126.400377,33.941211,14.4,22.08,13.39,5.87,50.84,656.7,12.370721862703558,远洋一号,VOYAGE_0001,上海,新加坡
2024-01-03 18:30:00,126.409725,33.94694,12.68,40.48,11.74,230.48,63.63,1194.0,12.370721862703558,远洋一号,VOYAGE_0001,上海,新加坡
2024-01-03 18:40:00,126.419023,33.952671,15.83,26.4,9.99,26.31,70.88,772.9,12.370721862703558,远洋一号,VOYAGE_0001,上海,新加坡
2024-01-03 18:50:00,126.428272,33.958405,16.46,31.11,10.06,281.64,55.88,866.6,12.370721862703558,远洋一号,VOYAGE_0001,上海,新加坡
2024-01-03 19:00:00,126.437472,33.964141,14.9,26.16,10.96,2.73,61.28,667.5,12.370721862703558,远洋一号,VOYAGE_0001,上海,新加坡
2024-01-03 19:10:00,126.446624,33.969881,15.7,28.78,6.52,303.77,63.59,834.3,12.370721862703558,远洋一号,VOYAGE_0001,上海,新加坡
2024-01-03 19:20:00,126.455727,33.975623,15.31,27.31,8.06,198.08,63.28,836.5,12.370721862703558,远洋一号,VOYAGE_0001,上海,新加坡
2024-01-03 19:30:00,126.464782,33.981368,15.6,26.28,16.05,282.38,65.6,763.2,12.370721862703558,远洋一号,VOYAGE_0001,上海,新加坡
2024-01-03 19:40:00,126.473789,33.987116,15.36,28.64,18.53,51.56,56.15,848.8,12.370721862703558,远洋一号,VOYAGE_0001,上海,新加坡
2024-01-03 19:50:00,126.482748,33.992867,15.44,29.34,12.62,168.05,54.35,913.5,12.370721862703558,远洋一号,VOYAGE_0001,上海,新加坡
2024-01-03 20:00:00,126.491659,33.998622,15.44,26.46,5.79,20.09,57.22,816.8,12.370721862703558,远洋一号,VOYAGE_0001,上海,新加坡
2024-01-03 20:10:00,126.500523,34.00438,15.49,26.39,17.89,284.28,55.95,773.2,12.370721862703558,远洋一号,VOYAGE_0001,上海,新加坡
2024-01-03 20:20:00,126.50934,34.010142,15.32,24.8,14.61,323.91,56.98,766.4,12.370721862703558,远洋一号,VOYAGE_0001,上海,新加坡
2024-01-03 20:30:00,126.51811,34.015907,14.86,28.03,10.24,138.83,57.11,816.8,12.370721862703558,远洋一号,VOYAGE_0001,上海,新加坡
2024-01-03 20:40:00,126.526833,34.021676,15.58,29.13,5.87,60.03,53.41,850.8,12.370721862703558,远洋一号,VOYAGE_0001,上海,新加坡
2024-01-03 20:50:00,126.53551,34.027449,15.59,25.88,11.52,312.48,56.6,863.5,12.370721862703558,远洋一号,VOYAGE_0001,上海,新加坡
2024-01-03 21:00:00,126.544141,34.033226,14.34,24.54,15.67,244.26,62.19,790.7,12.370721862703558,远洋一号,VOYAGE_0001,上海,新加坡
2024-01-03 21:10:00,126.552725,34.039007,15.13,27.17,16.07,17.39,60.07,725.3,12.370721862703558,远洋一号,VOYAGE_0001,上海,新加坡
2024-01-03 21:20:00,126.561264,34.044792,15.54,29.18,17.68,296.07,67.02,981.4,12.370721862703558,远洋一号,VOYAGE_0001,上海,新加坡
2024-01-03 21:30:00,126.569757,34.050582,15.28,28.62,17.48,109.17,54.02,884.3,12.370721862703558,远洋一号,VOYAGE_0001,上海,新加坡
2024-01-03 21:40:00,126.578205,34.056376,14.96,27.04,6.74,200.39,66.24,818.7,12.370721862703558,远洋一号,VOYAGE_0001,上海,新加坡
2024-01-03 21:50:00,126.586607,34.062174,14.88,24.68,4.21,85.54,65.6,764.5,12.370721862703558,远洋一号,VOYAGE_0001,上海,新加坡
2024-01-03 22:00:00,126.594965,34.067977,15.34,28.0,16.76,235.3,61.84,901.5,12.370721862703558,远洋一号,VOYAGE_0001,上海,新加坡
2024-01-03 22:10:00,126.603278,34.073785,15.61,26.07,16.99,114.95,60.75,798.7,12.370721862703558,远洋一号,VOYAGE_0001,上海,新加坡
2024-01-03 22:20:00,126.611547,34.079597,13.98,26.06,5.46,26.83,99.92,812.7,12.370721862703558,远洋一号,VOYAGE_0001,上海,新加坡
2024-01-03 22:30:00,126.619772,34.085415,14.58,25.68,14.63,131.12,54.05,730.4,12.370721862703558,远洋一号,VOYAGE_0001,上海,新加坡
2024-01-03 22:40:00,126.627953,34.091237,15.11,25.39,17.9,230.16,65.7,779.4,12.370721862703558,远洋一号,VOYAGE_0001,上海,新加坡
2024-01-03 22:50:00,126.63609,34.097065,14.93,27.12,16.67,332.9,67.85,783.2,12.370721862703558,远洋一号,VOYAGE_0001,上海,新加坡
2024-01-03 23:00:00,126.644183,34.102897,15.4,31.57,13.22,143.76,57.62,886.3,12.370721862703558,远洋一号,VOYAGE_0001,上海,新加坡
2024-01-03 23:10:00,126.652234,34.108736,14.62,23.65,10.28,147.2,49.57,756.9,12.370721862703558,远洋一号,VOYAGE_0001,上海,新加坡
2024-01-03 23:20:00,126.660242,34.114579,14.58,24.58,17.82,52.85,57.08,719.3,12.370721862703558,远洋一号,VOYAGE_0001,上海,新加坡
2024-01-03 23:30:00,126.668207,34.120429,15.23,26.97,18.81,74.38,63.66,805.6,12.370721862703558,远洋一号,VOYAGE_0001,上海,新加坡
2024-01-03 23:40:00,126.676129,34.126284,15.64,28.48,9.85,298.7,56.91,836.6,12.370721862703558,远洋一号,VOYAGE_0001,上海,新加坡
2024-01-03 23:50:00,126.684009,34.132144,15.61,29.45,10.75,201.4,53.41,770.0,12.370721862703558,远洋一号,VOYAGE_0001,上海,新加坡
2024-01-04 00:00:00,126.691848,34.138011,14.22,26.09,13.97,152.84,52.87,754.9,12.370721862703558,远洋一号,VOYAGE_0001,上海,新加坡
2024-01-04 00:10:00,126.699645,34.143883,14.36,26.71,8.17,229.38,52.1,813.2,12.370721862703558,远洋一号,VOYAGE_0001,上海,新加坡
2024-01-04 00:20:00,126.7074,34.149762,14.42,25.34,16.41,353.15,59.39,778.5,12.370721862703558,远洋一号,VOYAGE_0001,上海,新加坡
2024-01-04 00:30:00,126.715114,34.155647,14.32,23.7,11.57,64.16,56.87,624.8,12.370721862703558,远洋一号,VOYAGE_0001,上海,新加坡
2024-01-04 00:40:00,126.722788,34.161538,14.6,27.94,3.14,89.92,60.7,819.8,12.370721862703558,远洋一号,VOYAGE_0001,上海,新加坡
2024-01-04 00:50:00,126.73042,34.167436,14.71,26.75,18.41,230.13,60.86,773.8,12.370721862703558,远洋一号,VOYAGE_0001,上海,新加坡
2024-01-04 01:00:00,126.738013,34.17334,14.82,24.71,16.14,246.42,27.58,715.4,12.370721862703558,远洋一号,VOYAGE_0001,上海,新加坡
2024-01-04 01:10:00,126.745565,34.179251,15.37,27.32,8.49,241.25,61.95,861.3,12.370721862703558,远洋一号,VOYAGE_0001,上海,新加坡
2024-01-04 01:20:00,126.753078,34.185169,15.18,25.84,8.7,117.56,59.05,728.6,12.370721862703558,远洋一号,VOYAGE_0001,上海,新加坡
2024-01-04 01:30:00,126.76055,34.191093,14.4,24.76,17.11,359.09,64.95,751.6,12.370721862703558,远洋一号,VOYAGE_0001,上海,新加坡
2024-01-04 01:40:00,126.767984,34.197024,15.01,28.12,5.41,302.55,64.79,856.8,12.370721862703558,远洋一号,VOYAGE_0001,上海,新加坡
2024-01-04 01:50:00,126.775378,34.202963,15.38,26.87,11.91,203.1,52.01,727.6,12.370721862703558,远洋一号,VOYAGE_0001,上海,新加坡
2024-01-04 02:00:00,126.782734,34.208908,11.78,36.06,15.45,117.21,63.83,1052.2,12.370721862703558,远洋一号,VOYAGE_0001,上海,新加坡
2024-01-04 02:10:00,126.790051,34.214861,14.88,26.19,8.17,25.81,62.26,812.0,12.370721862703558,远洋一号,VOYAGE_0001,上海,新加坡
2024-01-04 02:20:00,126.79733,34.220821,9.77,43.39,19.06,246.5,58.05,1322.2,12.370721862703558,远洋一号,VOYAGE_0001,上海,新加坡
2024-01-04 02:30:00,126.804571,34.226789,14.51,23.21,13.53,346.56,61.87,748.2,12.370721862703558,远洋一号,VOYAGE_0001,上海,新加坡
2024-01-04 02:40:00,126.811774,34.232764,14.14,23.0,18.55,291.32,60.49,638.1,12.370721862703558,远洋一号,VOYAGE_0001,上海,新加坡
2024-01-04 02:50:00,126.81894,34.238747,14.96,25.67,19.81,60.23,77.17,816.3,12.370721862703558,远洋一号,VOYAGE_0001,上海,新加坡
2024-01-04 03:00:00,126.826069,34.244738,14.95,23.19,5.61,111.97,64.52,718.9,12.370721862703558,远洋一号,VOYAGE_0001,上海,新加坡
2024-01-04 03:10:00,126.833161,34.250736,14.32,24.98,7.71,337.77,66.37,691.1,12.370721862703558,远洋一号,VOYAGE_0001,上海,新加坡
2024-01-04 03:20:00,126.840216,34.256743,14.19,24.47,18.05,104.18,55.53,830.4,12.370721862703558,远洋一号,VOYAGE_0001,上海,新加坡
2024-01-04 03:30:00,126.847235,34.262757,13.32,20.6,10.18,155.75,55.22,595.4,12.370721862703558,远洋一号,VOYAGE_0001,上海,新加坡
2024-01-04 03:40:00,126.854218,34.26878,14.21,23.92,18.09,287.68,69.8,705.4,12.370721862703558,远洋一号,VOYAGE_0001,上海,新加坡
2024-01-04 03:50:00,126.861165,34.274811,15.13,27.5,6.69,140.29,60.16,921.7,12.370721862703558,远洋一号,VOYAGE_0001,上海,新加坡
2024-01-04 04:00:00,126.868077,34.280851,14.64,24.27,17.43,22.62,60.52,700.0,12.370721862703558,远洋一号,VOYAGE_0001,上海,新加坡
2024-01-04 04:10:00,126.874953,34.286899,15.27,28.25,14.82,208.75,53.66,805.8,12.370721862703558,远洋一号,VOYAGE_0001,上海,新加坡
2024-01-04 04:20:00,126.881795,34.292956,13.62,21.6,3.16,229.51,72.38,605.0,12.370721862703558,远洋一号,VOYAGE_0001,上海,新加坡
2024-01-04 04:30:00,126.888602,34.299021,14.69,24.1,16.59,335.87,69.57,643.9,12.370721862703558,远洋一号,VOYAGE_0001,上海,新加坡
2024-01-04 04:40:00,126.895374,34.305095,14.07,22.78,4.62,243.26,60.33,665.1,12.370721862703558,远洋一号,VOYAGE_0001,上海,新加坡
2024-01-04 04:50:00,126.902113,34.311178,14.73,24.23,6.51,249.49,57.26,703.8,12.370721862703558,远洋一号,VOYAGE_0001,上海,新加坡
2024-01-04 05:00:00,126.908817,34.31727,12.41,43.89,15.32,154.92,59.13,1369.4,12.370721862703558,远洋一号,VOYAGE_0001,上海,新加坡
2024-01-04 05:10:00,126.915489,34.323372,14.42,23.81,17.96,334.29,60.78,702.2,12.370721862703558,远洋一号,VOYAGE_0001,上海,新加坡
2024-01-04 05:20:00,126.922127,34.329482,15.06,25.87,13.82,102.79,62.33,741.5,12.370721862703558,远洋一号,VOYAGE_0001,上海,新加坡
2024-01-04 05:30:00,126.928732,34.335602,14.4,23.79,12.82,316.61,63.85,765.6,12.370721862703558,远洋一号,VOYAGE_0001,上海,新加坡
2024-01-04 05:40:00,126.935305,34.341731,15.0,25.57,19.72,114.61,58.1,718.1,12.370721862703558,远洋一号,VOYAGE_0001,上海,新加坡
2024-01-04 05:50:00,126.941845,34.34787,15.4,27.09,19.11,278.47,54.12,678.9,12.370721862703558,远洋一号,VOYAGE_0001,上海,新加坡
2024-01-04 06:00:00,126.948353,34.354018,14.37,23.0,6.11,231.15,96.03,671.3,12.370721862703558,远洋一号,VOYAGE_0001,上海,新加坡
2024-01-04 06:10:00,126.95483,34.360177,14.76,24.78,6.38,297.44,62.69,717.5,12.370721862703558,远洋一号,VOYAGE_0001,上海,新加坡
2024-01-04 06:20:00,126.961275,34.366345,13.99,22.62,14.47,39.08,61.66,736.6,12.370721862703558,远洋一号,VOYAGE_0001,上海,新加坡
2024-01-04 06:30:00,126.967689,34.372522,14.79,22.71,7.48,54.08,61.08,587.6,12.370721862703558,远洋一号,VOYAGE_0001,上海,新加坡
2024-01-04 06:40:00,126.974072,34.37871,14.61,25.19,18.7,182.11,64.15,725.7,12.370721862703558,远洋一号,VOYAGE_0001,上海,新加坡
2024-01-04 06:50:00,126.980425,34.384908,13.85,23.69,17.38,48.19,64.94,667.4,12.370721862703558,远洋一号,VOYAGE_0001,上海,新加坡
2024-01-04 07:00:00,126.986747,34.391117,14.05,25.14,15.92,162.72,67.12,783.9,12.370721862703558,远洋一号,VOYAGE_0001,上海,新加坡
2024-01-04 07:10:00,126.99304,34.397335,13.59,23.75,16.17,328.23,59.87,690.9,12.370721862703558,远洋一号,VOYAGE_0001,上海,新加坡
2024-01-04 07:20:00,126.999303,34.403565,14.68,24.64,3.73,249.37,58.97,673.3,12.370721862703558,远洋一号,VOYAGE_0001,上海,新加坡
2024-01-04 07:30:00,127.005536,34.409804,13.75,22.74,8.35,26.4,27.4,636.5,12.370721862703558,远洋一号,VOYAGE_0001,上海,新加坡
2024-01-04 07:40:00,127.011741,34.416054,14.47,25.2,12.21,282.5,26.68,752.8,12.370721862703558,远洋一号,VOYAGE_0001,上海,新加坡
2024-01-04 07:50:00,127.017917,34.422315,14.07,23.53,19.24,165.56,70.66,705.9,12.370721862703558,远洋一号,VOYAGE_0001,上海,新加坡
2024-01-04 08:00:00,127.024064,34.428587,13.81,21.21,18.88,160.55,106.07,682.8,12.370721862703558,远洋一号,VOYAGE_0001,上海,新加坡
2024-01-04 08:10:00,127.030184,34.43487,14.71,26.51,18.68,154.65,66.74,737.9,12.370721862703558,远洋一号,VOYAGE_0001,上海,新加坡
2024-01-04 08:20:00,127.036275,34.441164,14.93,26.06,7.84,15.83,64.17,771.6,12.370721862703558,远洋一号,VOYAGE_0001,上海,新加坡
2024-01-04 08:30:00,127.042339,34.447469,14.08,23.54,5.46,218.03,58.66,755.2,12.370721862703558,远洋一号,VOYAGE_0001,上海,新加坡
2024-01-04 08:40:00,127.048376,34.453785,14.56,23.19,18.51,140.19,58.98,752.6,12.370721862703558,远洋一号,VOYAGE_0001,上海,新加坡
2024-01-04 08:50:00,127.054386,34.460112,15.21,27.05,18.47,108.24,64.53,821.2,12.370721862703558,远洋一号,VOYAGE_0001,上海,新加坡
2024-01-04 09:00:00,127.06037,34.466451,14.34,25.21,3.57,245.06,65.84,795.2,12.370721862703558,远洋一号,VOYAGE_0001,上海,新加坡
2024-01-04 09:10:00,127.066327,34.472802,14.43,24.94,11.9,201.02,59.96,713.0,12.370721862703558,远洋一号,VOYAGE_0001,上海,新加坡
2024-01-04 09:20:00,127.072258,34.479164,14.76,28.46,11.11,70.47,67.13,880.2,12.370721862703558,远洋一号,VOYAGE_0001,上海,新加坡
2024-01-04 09:30:00,127.078164,34.485538,14.54,24.33,17.99,346.86,59.5,761.0,12.370721862703558,远洋一号,VOYAGE_0001,上海,新加坡
2024-01-04 09:40:00,127.084044,34.491923,13.74,21.92,6.86,144.18,64.99,696.6,12.370721862703558,远洋一号,VOYAGE_0001,上海,新加坡
2024-01-04 09:50:00,127.0899,34.498321,13.85,24.94,17.97,49.48,57.14,732.4,12.370721862703558,远洋一号,VOYAGE_0001,上海,新加坡
2024-01-04 10:00:00,127.09573,34.50473,14.57,25.04,18.08,319.35,59.23,751.4,12.370721862703558,远洋一号,VOYAGE_0001,上海,新加坡
2024-01-04 10:10:00,127.101537,34.511152,13.91,24.07,10.08,140.06,63.91,680.0,12.370721862703558,远洋一号,VOYAGE_0001,上海,新加坡
2024-01-04 10:20:00,127.107319,34.517586,13.92,25.68,13.8,350.26,60.76,837.9,12.370721862703558,远洋一号,VOYAGE_0001,上海,新加坡
2024-01-04 10:30:00,127.113077,34.524032,14.22,23.59,3.41,74.85,43.14,806.2,12.370721862703558,远洋一号,VOYAGE_0001,上海,新加坡
2024-01-04 10:40:00,127.118813,34.53049,13.2,22.16,16.7,7.22,58.4,661.5,12.370721862703558,远洋一号,VOYAGE_0001,上海,新加坡
2024-01-04 10:50:00,127.124525,34.536961,14.58,24.64,15.97,215.51,65.42,734.8,12.370721862703558,远洋一号,VOYAGE_0001,上海,新加坡
2024-01-04 11:00:00,127.130214,34.543445,14.35,23.75,18.21,305.44,58.73,704.6,12.370721862703558,远洋一号,VOYAGE_0001,上海,新加坡
2024-01-04 11:10:00,127.135881,34.549941,14.03,21.57,6.67,299.92,28.45,608.0,12.370721862703558,远洋一号,VOYAGE_0001,上海,新加坡
2024-01-04 11:20:00,127.141526,34.55645,15.01,25.1,13.44,45.91,71.89,751.3,12.370721862703558,远洋一号,VOYAGE_0001,上海,新加坡
2024-01-04 11:30:00,127.147149,34.562972,13.74,17.49,8.67,149.7,58.83,529.8,12.370721862703558,远洋一号,VOYAGE_0001,上海,新加坡
2024-01-04 11:40:00,127.15275,34.569507,14.04,34.38,4.0,86.55,70.27,1069.9,12.370721862703558,远洋一号,VOYAGE_0001,上海,新加坡
2024-01-04 11:50:00,127.15833,34.576055,14.83,24.83,17.95,300.48,61.54,777.6,12.370721862703558,远洋一号,VOYAGE_0001,上海,新加坡
2024-01-04 12:00:00,127.16389,34.582616,13.87,22.6,5.43,237.64,45.62,672.9,12.370721862703558,远洋一号,VOYAGE_0001,上海,新加坡
2024-01-04 12:10:00,127.169429,34.58919,14.17,23.42,5.14,267.26,64.62,734.5,12.370721862703558,远洋一号,VOYAGE_0001,上海,新加坡
2024-01-04 12:20:00,127.174948,34.595778,14.23,21.09,8.74,7.03,67.27,613.8,12.370721862703558,远洋一号,VOYAGE_0001,上海,新加坡
2024-01-04 12:30:00,127.180446,34.602379,14.41,23.85,6.0,19.6,41.55,615.4,12.370721862703558,远洋一号,VOYAGE_0001,上海,新加坡
2024-01-04 12:40:00,127.185926,34.608994,14.76,25.31,8.36,251.52,72.3,778.3,12.370721862703558,远洋一号,VOYAGE_0001,上海,新加坡
2024-01-04 12:50:00,127.191386,34.615622,14.05,23.99,19.41,94.8,63.81,790.0,12.370721862703558,远洋一号,VOYAGE_0001,上海,新加坡
2024-01-04 13:00:00,127.196827,34.622264,14.4,24.38,6.52,92.86,69.52,620.5,12.370721862703558,远洋一号,VOYAGE_0001,上海,新加坡
2024-01-04 13:10:00,127.20225,34.62892,13.81,23.01,11.48,223.27,58.48,740.0,12.370721862703558,远洋一号,VOYAGE_0001,上海,新加坡
2024-01-04 13:20:00,127.207655,34.63559,14.03,22.98,11.49,248.83,68.6,676.4,12.370721862703558,远洋一号,VOYAGE_0001,上海,新加坡
2024-01-04 13:30:00,127.213041,34.642273,12.61,19.34,10.94,247.5,67.13,511.9,12.370721862703558,远洋一号,VOYAGE_0001,上海,新加坡
2024-01-04 13:40:00,127.21841,34.648971,15.45,27.3,17.39,65.43,61.85,746.7,12.370721862703558,远洋一号,VOYAGE_0001,上海,新加坡
2024-01-04 13:50:00,127.223762,34.655683,17.23,34.46,19.61,144.14,70.96,1001.9,12.370721862703558,远洋一号,VOYAGE_0001,上海,新加坡
2024-01-04 14:00:00,127.229097,34.662409,13.27,20.5,19.13,11.16,61.76,616.9,12.370721862703558,远洋一号,VOYAGE_0001,上海,新加坡
2024-01-04 14:10:00,127.234416,34.66915,13.83,23.62,13.38,134.62,65.75,692.5,12.370721862703558,远洋一号,VOYAGE_0001,上海,新加坡
2024-01-04 14:20:00,127.239718,34.675905,13.73,23.12,9.5,26.3,74.38,701.3,12.370721862703558,远洋一号,VOYAGE_0001,上海,新加坡
2024-01-04 14:30:00,127.245004,34.682675,13.83,25.31,18.27,5.52,63.93,714.5,12.370721862703558,远洋一号,VOYAGE_0001,上海,新加坡
2024-01-04 14:40:00,127.250275,34.689459,14.48,27.11,12.37,190.8,55.92,830.6,12.370721862703558,远洋一号,VOYAGE_0001,上海,新加坡
2024-01-04 14:50:00,127.25553,34.696258,12.95,23.43,4.48,35.07,93.7,749.7,12.370721862703558,远洋一号,VOYAGE_0001,上海,新加坡
2024-01-04 15:00:00,127.260771,34.703071,14.16,25.96,9.85,94.45,65.49,804.6,12.370721862703558,远洋一号,VOYAGE_0001,上海,新加坡
2024-01-04 15:10:00,127.265997,34.7099,12.85,22.34,10.87,247.26,59.97,716.5,12.370721862703558,远洋一号,VOYAGE_0001,上海,新加坡
2024-01-04 15:20:00,127.271209,34.716744,14.49,27.07,5.43,184.06,71.95,835.3,12.370721862703558,远洋一号,VOYAGE_0001,上海,新加坡
2024-01-04 15:30:00,127.276406,34.723602,12.67,18.59,17.0,310.59,67.31,561.0,12.370721862703558,远洋一号,VOYAGE_0001,上海,新加坡
2024-01-04 15:40:00,127.281591,34.730476,13.24,23.27,7.54,317.23,66.49,742.4,12.370721862703558,远洋一号,VOYAGE_0001,上海,新加坡
2024-01-04 15:50:00,127.286762,34.737365,13.72,22.06,8.45,6.21,68.09,700.6,12.370721862703558,远洋一号,VOYAGE_0001,上海,新加坡
2024-01-04 16:00:00,127.29192,34.74427,13.51,21.94,9.2,179.5,71.56,703.3,12.370721862703558,远洋一号,VOYAGE_0001,上海,新加坡
2024-01-04 16:10:00,127.297066,34.75119,13.5,22.29,8.33,351.45,70.31,631.5,12.370721862703558,远洋一号,VOYAGE_0001,上海,新加坡
2024-01-04 16:20:00,127.302199,34.758125,13.66,23.19,8.57,355.91,66.88,673.8,12.370721862703558,远洋一号,VOYAGE_0001,上海,新加坡
2024-01-04 16:30:00,127.307321,34.765076,14.68,23.4,19.22,300.42,74.36,650.8,12.370721862703558,远洋一号,VOYAGE_0001,上海,新加坡
2024-01-04 16:40:00,127.312431,34.772043,13.92,20.1,16.42,325.1,61.77,563.5,12.370721862703558,远洋一号,VOYAGE_0001,上海,新加坡
2024-01-04 16:50:00,127.317529,34.779026,13.39,32.0,9.31,142.19,79.36,994.7,12.370721862703558,远洋一号,VOYAGE_0001,上海,新加坡
2024-01-04 17:00:00,127.322617,34.786024,14.63,24.54,16.91,173.99,63.75,691.7,12.370721862703558,远洋一号,VOYAGE_0001,上海,新加坡
2024-01-04 17:10:00,127.327695,34.793038,13.39,23.91,13.75,350.96,27.98,711.9,12.370721862703558,远洋一号,VOYAGE_0001,上海,新加坡
2024-01-04 17:20:00,127.332762,34.800069,13.6,23.97,6.46,129.89,71.89,646.1,12.370721862703558,远洋一号,VOYAGE_0001,上海,新加坡
2024-01-04 17:30:00,127.337819,34.807115,13.5,21.22,7.71,62.68,72.07,672.3,12.370721862703558,远洋一号,VOYAGE_0001,上海,新加坡
2024-01-04 17:40:00,127.342867,34.814178,13.29,21.17,7.95,347.77,63.85,594.6,12.370721862703558,远洋一号,VOYAGE_0001,上海,新加坡
2024-01-04 17:50:00,127.347906,34.821257,13.67,21.82,4.47,315.48,78.24,663.1,12.370721862703558,远洋一号,VOYAGE_0001,上海,新加坡
2024-01-04 18:00:00,127.352936,34.828352,14.09,23.14,16.98,232.63,65.71,730.0,12.370721862703558,远洋一号,VOYAGE_0001,上海,新加坡
2024-01-04 18:10:00,127.357957,34.835464,13.34,23.0,19.26,6.51,68.59,701.8,12.370721862703558,远洋一号,VOYAGE_0001,上海,新加坡
2024-01-04 18:20:00,127.362971,34.842593,14.5,23.32,14.06,276.36,66.28,600.5,12.370721862703558,远洋一号,VOYAGE_0001,上海,新加坡
2024-01-04 18:30:00,127.367976,34.849738,12.87,20.81,15.24,186.58,69.92,733.8,12.370721862703558,远洋一号,VOYAGE_0001,上海,新加坡
2024-01-04 18:40:00,127.372974,34.8569,14.32,25.93,18.13,30.83,70.27,820.3,12.370721862703558,远洋一号,VOYAGE_0001,上海,新加坡
2024-01-04 18:50:00,127.377965,34.864078,14.05,25.22,16.06,194.3,74.94,829.2,12.370721862703558,远洋一号,VOYAGE_0001,上海,新加坡
2024-01-04 19:00:00,127.382949,34.871274,14.58,25.2,12.98,210.64,70.0,742.5,12.370721862703558,远洋一号,VOYAGE_0001,上海,新加坡
2024-01-04 19:10:00,127.387927,34.878486,14.08,25.05,9.07,11.8,63.46,732.2,12.370721862703558,远洋一号,VOYAGE_0001,上海,新加坡
2024-01-04 19:20:00,127.392899,34.885716,13.7,20.33,18.12,178.07,71.64,539.8,12.370721862703558,远洋一号,VOYAGE_0001,上海,新加坡
2024-01-04 19:30:00,127.397865,34.892962,13.28,22.13,12.69,59.21,100.2,649.7,12.370721862703558,远洋一号,VOYAGE_0001,上海,新加坡
2024-01-04 19:40:00,127.402825,34.900226,14.68,27.76,19.29,202.89,60.55,860.8,12.370721862703558,远洋一号,VOYAGE_0001,上海,新加坡
2024-01-04 19:50:00,127.407781,34.907507,14.2,30.47,3.49,2.98,67.15,837.8,12.370721862703558,远洋一号,VOYAGE_0001,上海,新加坡
2024-01-04 20:00:00,127.412731,34.914806,13.54,22.48,5.63,234.86,77.56,689.8,12.370721862703558,远洋一号,VOYAGE_0001,上海,新加坡
2024-01-04 20:10:00,127.417678,34.922122,13.68,24.75,4.4,348.7,77.71,812.0,12.370721862703558,远洋一号,VOYAGE_0001,上海,新加坡
2024-01-04 20:20:00,127.42262,34.929455,13.62,24.58,11.94,223.58,74.33,740.2,12.370721862703558,远洋一号,VOYAGE_0001,上海,新加坡
2024-01-04 20:30:00,127.427559,34.936806,13.59,20.38,8.18,290.97,41.5,605.4,12.370721862703558,远洋一号,VOYAGE_0001,上海,新加坡
2024-01-04 20:40:00,127.432494,34.944175,14.16,24.74,9.69,166.04,68.17,787.8,12.370721862703558,远洋一号,VOYAGE_0001,上海,新加坡
2024-01-04 20:50:00,127.437426,34.951562,14.2,25.95,11.36,48.04,73.25,834.7,12.370721862703558,远洋一号,VOYAGE_0001,上海,新加坡
2024-01-04 21:00:00,127.442356,34.958966,13.45,20.41,6.77,164.22,30.57,597.7,12.370721862703558,远洋一号,VOYAGE_0001,上海,新加坡
2024-01-04 21:10:00,127.447283,34.966389,13.92,26.38,17.57,143.94,75.91,789.1,12.370721862703558,远洋一号,VOYAGE_0001,上海,新加坡
2024-01-04 21:20:00,127.452209,34.973829,13.78,22.5,16.45,116.52,70.9,710.2,12.370721862703558,远洋一号,VOYAGE_0001,上海,新加坡
2024-01-04 21:30:00,127.457133,34.981288,13.9,24.64,13.87,82.52,75.12,659.2,12.370721862703558,远洋一号,VOYAGE_0001,上海,新加坡
2024-01-04 21:40:00,127.462055,34.988765,14.41,22.56,3.05,288.7,76.01,648.3,12.370721862703558,远洋一号,VOYAGE_0001,上海,新加坡
2024-01-04 21:50:00,127.466977,34.99626,13.5,22.88,3.97,71.93,79.23,602.7,12.370721862703558,远洋一号,VOYAGE_0001,上海,新加坡
2024-01-04 22:00:00,127.471898,35.003773,13.31,22.87,7.99,57.85,69.68,606.6,12.370721862703558,远洋一号,VOYAGE_0001,上海,新加坡
2024-01-04 22:10:00,127.476818,35.011305,14.07,22.73,4.57,356.37,73.1,671.2,12.370721862703558,远洋一号,VOYAGE_0001,上海,新加坡
2024-01-04 22:20:00,127.481739,35.018855,12.89,19.26,19.3,236.89,73.25,513.9,12.370721862703558,远洋一号,VOYAGE_0001,上海,新加坡
2024-01-04 22:30:00,127.486661,35.026424,14.03,21.84,8.76,99.61,79.57,649.3,12.370721862703558,远洋一号,VOYAGE_0001,上海,新加坡
2024-01-04 22:40:00,127.491583,35.034011,13.85,22.57,6.79,26.73,75.75,614.5,12.370721862703558,远洋一号,VOYAGE_0001,上海,新加坡
2024-01-04 22:50:00,127.496506,35.041617,13.44,24.08,7.77,302.06,75.61,748.5,12.370721862703558,远洋一号,VOYAGE_0001,上海,新加坡
2024-01-04 23:00:00,127.501431,35.049242,14.3,27.52,12.97,183.26,78.61,821.3,12.370721862703558,远洋一号,VOYAGE_0001,上海,新加坡
2024-01-04 23:10:00,127.506357,35.056886,14.28,22.5,12.22,43.4,91.41,565.2,12.370721862703558,远洋一号,VOYAGE_0001,上海,新加坡
2024-01-04 23:20:00,127.511286,35.064549,14.1,23.32,16.86,283.84,65.04,732.5,12.370721862703558,远洋一号,VOYAGE_0001,上海,新加坡
2024-01-04 23:30:00,127.516217,35.072231,13.0,23.85,5.61,56.54,66.5,891.6,12.370721862703558,远洋一号,VOYAGE_0001,上海,新加坡
2024-01-04 23:40:00,127.521151,35.079932,12.94,23.05,9.47,348.81,66.47,705.4,12.370721862703558,远洋一号,VOYAGE_0001,上海,新加坡
2024-01-04 23:50:00,127.526088,35.087652,13.23,21.2,16.67,10.36,63.27,656.3,12.370721862703558,远洋一号,VOYAGE_0001,上海,新加坡
2024-01-05 00:00:00,127.531029,35.095391,14.66,26.07,4.29,157.1,75.83,718.1,12.370721862703558,远洋一号,VOYAGE_0001,上海,新加坡
2024-01-05 00:10:00,127.535974,35.10315,13.66,22.04,12.12,357.38,73.41,797.3,12.370721862703558,远洋一号,VOYAGE_0001,上海,新加坡
2024-01-05 00:20:00,127.540923,35.110928,13.35,21.95,3.56,233.79,73.3,604.2,12.370721862703558,远洋一号,VOYAGE_0001,上海,新加坡
2024-01-05 00:30:00,127.545876,35.118725,14.32,26.51,14.91,81.68,76.7,782.8,12.370721862703558,远洋一号,VOYAGE_0001,上海,新加坡
2024-01-05 00:40:00,127.550835,35.126542,13.31,21.97,5.29,258.85,73.75,563.9,12.370721862703558,远洋一号,VOYAGE_0001,上海,新加坡
2024-01-05 00:50:00,127.555799,35.134379,13.51,22.29,5.11,237.84,80.87,686.2,12.370721862703558,远洋一号,VOYAGE_0001,上海,新加坡
2024-01-05 01:00:00,127.560768,35.142235,13.6,21.28,13.75,285.84,81.01,719.2,12.370721862703558,远洋一号,VOYAGE_0001,上海,新加坡
2024-01-05 01:10:00,127.565743,35.150111,14.65,23.88,14.22,5.81,70.57,687.1,12.370721862703558,远洋一号,VOYAGE_0001,上海,新加坡
2024-01-05 01:20:00,127.570725,35.158007,12.48,20.85,4.41,195.95,69.99,516.7,12.370721862703558,远洋一号,VOYAGE_0001,上海,新加坡
2024-01-05 01:30:00,127.575713,35.165922,14.58,26.73,19.92,115.6,78.39,718.5,12.370721862703558,远洋一号,VOYAGE_0001,上海,新加坡
2024-01-05 01:40:00,127.580708,35.173858,13.57,19.65,7.82,332.22,66.8,579.5,12.370721862703558,远洋一号,VOYAGE_0001,上海,新加坡
2024-01-05 01:50:00,127.58571,35.181814,13.85,23.67,4.47,179.95,80.64,646.5,12.370721862703558,远洋一号,VOYAGE_0001,上海,新加坡
2024-01-05 02:00:00,127.590721,35.18979,13.32,21.57,11.78,214.93,83.93,674.1,12.370721862703558,远洋一号,VOYAGE_0001,上海,新加坡
2024-01-05 02:10:00,127.595739,35.197786,13.68,22.98,8.66,322.01,119.59,637.3,12.370721862703558,远洋一号,VOYAGE_0001,上海,新加坡
2024-01-05 02:20:00,127.600765,35.205802,14.01,23.43,8.41,238.81,84.2,726.2,12.370721862703558,远洋一号,VOYAGE_0001,上海,新加坡
2024-01-05 02:30:00,127.6058,35.213838,14.12,23.7,17.75,229.9,78.88,675.0,12.370721862703558,远洋一号,VOYAGE_0001,上海,新加坡
2024-01-05 02:40:00,127.610845,35.221895,14.19,25.75,15.12,242.54,78.15,797.9,12.370721862703558,远洋一号,VOYAGE_0001,上海,新加坡
2024-01-05 02:50:00,127.615898,35.229973,13.45,24.38,18.45,157.77,83.34,823.6,12.370721862703558,远洋一号,VOYAGE_0001,上海,新加坡
2024-01-05 03:00:00,127.620961,35.238071,13.05,21.0,13.92,91.48,74.57,579.2,12.370721862703558,远洋一号,VOYAGE_0001,上海,新加坡
2024-01-05 03:10:00,127.626035,35.246189,14.21,24.87,19.59,68.34,74.97,721.9,12.370721862703558,远洋一号,VOYAGE_0001,上海,新加坡
2024-01-05 03:20:00,127.631118,35.254328,14.19,24.65,9.13,8.77,76.76,752.0,12.370721862703558,远洋一号,VOYAGE_0001,上海,新加坡
2024-01-05 03:30:00,127.636213,35.262488,13.73,21.68,4.34,259.74,46.55,709.9,12.370721862703558,远洋一号,VOYAGE_0001,上海,新加坡
2024-01-05 03:40:00,127.641318,35.270669,13.9,24.9,3.88,337.31,81.23,732.0,12.370721862703558,远洋一号,VOYAGE_0001,上海,新加坡
2024-01-05 03:50:00,127.646435,35.27887,13.72,21.75,16.64,347.89,46.33,605.0,12.370721862703558,远洋一号,VOYAGE_0001,上海,新加坡
2024-01-05 04:00:00,127.651564,35.287092,14.34,26.34,7.67,155.81,70.62,745.7,12.370721862703558,远洋一号,VOYAGE_0001,上海,新加坡
2024-01-05 04:10:00,127.656704,35.295336,13.99,23.82,19.63,54.95,66.2,664.4,12.370721862703558,远洋一号,VOYAGE_0001,上海,新加坡
2024-01-05 04:20:00,127.661857,35.3036,14.18,24.74,19.54,49.51,82.02,720.9,12.370721862703558,远洋一号,VOYAGE_0001,上海,新加坡
2024-01-05 04:30:00,127.667023,35.311886,13.59,24.33,18.53,302.3,76.7,777.4,12.370721862703558,远洋一号,VOYAGE_0001,上海,新加坡
2024-01-05 04:40:00,127.672202,35.320192,13.18,21.37,3.65,309.93,80.66,695.7,12.370721862703558,远洋一号,VOYAGE_0001,上海,新加坡
2024-01-05 04:50:00,127.677394,35.32852,14.14,23.9,4.82,114.38,77.3,745.6,12.370721862703558,远洋一号,VOYAGE_0001,上海,新加坡
2024-01-05 05:00:00,127.682601,35.336869,13.57,23.68,13.7,43.17,74.91,744.3,12.370721862703558,远洋一号,VOYAGE_0001,上海,新加坡
2024-01-05 05:10:00,127.687821,35.34524,14.64,25.54,17.56,342.95,82.56,783.5,12.370721862703558,远洋一号,VOYAGE_0001,上海,新加坡
2024-01-05 05:20:00,127.693055,35.353632,14.14,22.93,19.66,336.04,89.34,724.0,12.370721862703558,远洋一号,VOYAGE_0001,上海,新加坡
2024-01-05 05:30:00,127.698305,35.362045,14.44,26.49,15.27,283.4,80.39,830.2,12.370721862703558,远洋一号,VOYAGE_0001,上海,新加坡
2024-01-05 05:40:00,127.703569,35.37048,14.71,26.5,19.02,88.07,70.35,798.6,12.370721862703558,远洋一号,VOYAGE_0001,上海,新加坡
2024-01-05 05:50:00,127.708849,35.378937,14.2,26.84,10.16,150.12,84.98,805.5,12.370721862703558,远洋一号,VOYAGE_0001,上海,新加坡
2024-01-05 06:00:00,127.714145,35.387415,13.58,22.74,10.26,289.09,80.25,655.9,12.370721862703558,远洋一号,VOYAGE_0001,上海,新加坡
2024-01-05 06:10:00,127.719457,35.395915,14.06,23.16,19.58,209.83,69.42,767.0,12.370721862703558,远洋一号,VOYAGE_0001,上海,新加坡
2024-01-05 06:20:00,127.724785,35.404437,14.69,25.26,10.29,12.27,78.94,723.7,12.370721862703558,远洋一号,VOYAGE_0001,上海,新加坡
2024-01-05 06:30:00,127.73013,35.41298,13.4,23.93,17.04,45.1,85.15,751.2,12.370721862703558,远洋一号,VOYAGE_0001,上海,新加坡
2024-01-05 06:40:00,127.735492,35.421546,13.89,21.45,17.1,68.76,75.69,589.9,12.370721862703558,远洋一号,VOYAGE_0001,上海,新加坡
2024-01-05 06:50:00,127.740872,35.430133,14.42,24.37,9.77,15.53,87.14,744.0,12.370721862703558,远洋一号,VOYAGE_0001,上海,新加坡
2024-01-05 07:00:00,127.746269,35.438743,13.91,21.72,17.71,126.81,79.49,671.4,12.370721862703558,远洋一号,VOYAGE_0001,上海,新加坡
2024-01-05 07:10:00,127.751685,35.447374,14.6,24.42,16.37,197.93,78.12,630.3,12.370721862703558,远洋一号,VOYAGE_0001,上海,新加坡
2024-01-05 07:20:00,127.757118,35.456028,14.55,25.38,5.12,202.81,86.45,708.0,12.370721862703558,远洋一号,VOYAGE_0001,上海,新加坡
2024-01-05 07:30:00,127.762571,35.464704,13.81,22.77,15.53,98.12,80.44,665.7,12.370721862703558,远洋一号,VOYAGE_0001,上海,新加坡
2024-01-05 07:40:00,127.768043,35.473402,13.59,24.09,19.75,81.91,84.59,734.3,12.370721862703558,远洋一号,VOYAGE_0001,上海,新加坡
2024-01-05 07:50:00,127.773534,35.482123,14.08,23.38,8.47,160.51,72.55,788.5,12.370721862703558,远洋一号,VOYAGE_0001,上海,新加坡
2024-01-05 08:00:00,127.779044,35.490866,14.02,21.91,12.64,343.64,79.78,664.3,12.370721862703558,远洋一号,VOYAGE_0001,上海,新加坡
2024-01-05 08:10:00,127.784575,35.499631,14.13,24.1,19.8,38.19,81.03,769.1,12.370721862703558,远洋一号,VOYAGE_0001,上海,新加坡
2024-01-05 08:20:00,127.790126,35.508419,14.81,21.61,14.88,136.89,89.64,605.5,12.370721862703558,远洋一号,VOYAGE_0001,上海,新加坡
2024-01-05 08:30:00,127.795698,35.517229,14.17,27.45,10.08,348.09,105.88,717.1,12.370721862703558,远洋一号,VOYAGE_0001,上海,新加坡
2024-01-05 08:40:00,127.801291,35.526062,14.59,25.05,15.5,155.8,83.83,754.6,12.370721862703558,远洋一号,VOYAGE_0001,上海,新加坡
2024-01-05 08:50:00,127.806905,35.534917,13.44,20.38,12.63,114.09,82.97,515.8,12.370721862703558,远洋一号,VOYAGE_0001,上海,新加坡
2024-01-05 09:00:00,127.812541,35.543796,14.19,23.76,16.57,196.22,79.19,695.6,12.370721862703558,远洋一号,VOYAGE_0001,上海,新加坡
2024-01-05 09:10:00,127.818199,35.552697,13.5,23.4,7.94,105.61,82.87,650.1,12.370721862703558,远洋一号,VOYAGE_0001,上海,新加坡
2024-01-05 09:20:00,127.823879,35.56162,13.12,21.63,19.05,326.81,98.92,588.9,12.370721862703558,远洋一号,VOYAGE_0001,上海,新加坡
2024-01-05 09:30:00,127.829582,35.570567,14.08,20.95,10.45,65.02,78.15,701.1,12.370721862703558,远洋一号,VOYAGE_0001,上海,新加坡
2024-01-05 09:40:00,127.835308,35.579537,14.42,23.3,17.76,303.27,86.9,675.7,12.370721862703558,远洋一号,VOYAGE_0001,上海,新加坡
2024-01-05 09:50:00,127.841057,35.588529,14.48,23.95,14.37,17.57,91.87,708.8,12.370721862703558,远洋一号,VOYAGE_0001,上海,新加坡
2024-01-05 10:00:00,127.84683,35.597545,14.53,22.87,5.94,242.46,85.7,732.6,12.370721862703558,远洋一号,VOYAGE_0001,上海,新加坡
2024-01-05 10:10:00,127.852627,35.606583,14.4,23.93,14.77,15.9,81.72,725.2,12.370721862703558,远洋一号,VOYAGE_0001,上海,新加坡
2024-01-05 10:20:00,127.858447,35.615645,14.61,24.29,15.36,314.62,92.89,783.4,12.370721862703558,远洋一号,VOYAGE_0001,上海,新加坡
2024-01-05 10:30:00,127.864293,35.62473,13.77,25.11,6.21,91.3,96.5,815.4,12.370721862703558,远洋一号,VOYAGE_0001,上海,新加坡
2024-01-05 10:40:00,127.870163,35.633838,14.32,26.42,6.9,268.51,82.34,763.7,12.370721862703558,远洋一号,VOYAGE_0001,上海,新加坡
2024-01-05 10:50:00,127.876059,35.64297,15.31,26.49,5.13,285.8,122.0,792.9,12.370721862703558,远洋一号,VOYAGE_0001,上海,新加坡
2024-01-05 11:00:00,127.88198,35.652124,12.85,21.93,15.13,300.57,87.26,669.7,12.370721862703558,远洋一号,VOYAGE_0001,上海,新加坡
2024-01-05 11:10:00,127.887926,35.661302,13.44,23.87,12.34,302.3,93.53,675.2,12.370721862703558,远洋一号,VOYAGE_0001,上海,新加坡
2024-01-05 11:20:00,127.893899,35.670504,14.85,26.69,4.02,238.48,91.53,820.0,12.370721862703558,远洋一号,VOYAGE_0001,上海,新加坡
2024-01-05 11:30:00,127.899898,35.679729,14.03,21.27,9.86,112.86,91.67,628.9,12.370721862703558,远洋一号,VOYAGE_0001,上海,新加坡
2024-01-05 11:40:00,127.905924,35.688977,13.75,22.35,13.64,245.64,92.12,710.4,12.370721862703558,远洋一号,VOYAGE_0001,上海,新加坡
2024-01-05 11:50:00,127.911978,35.698249,14.17,24.24,11.3,317.72,93.88,704.5,12.370721862703558,远洋一号,VOYAGE_0001,上海,新加坡
2024-01-05 12:00:00,127.918058,35.707545,14.46,24.49,13.95,222.54,93.54,730.8,12.370721862703558,远洋一号,VOYAGE_0001,上海,新加坡
2024-01-05 12:10:00,127.924166,35.716864,13.73,25.09,10.5,29.09,88.03,754.7,12.370721862703558,远洋一号,VOYAGE_0001,上海,新加坡
2024-01-05 12:20:00,127.930302,35.726207,14.86,25.27,7.63,191.33,82.55,785.9,12.370721862703558,远洋一号,VOYAGE_0001,上海,新加坡
2024-01-05 12:30:00,127.936467,35.735574,14.37,25.76,9.25,339.64,103.49,701.9,12.370721862703558,远洋一号,VOYAGE_0001,上海,新加坡
2024-01-05 12:40:00,127.94266,35.744965,14.62,24.32,13.97,276.74,80.46,690.0,12.370721862703558,远洋一号,VOYAGE_0001,上海,新加坡
2024-01-05 12:50:00,127.948881,35.754379,13.73,20.92,13.76,70.64,95.04,712.1,12.370721862703558,远洋一号,VOYAGE_0001,上海,新加坡
2024-01-05 13:00:00,127.955132,35.763817,14.77,24.08,11.53,145.4,83.63,684.5,12.370721862703558,远洋一号,VOYAGE_0001,上海,新加坡
2024-01-05 13:10:00,127.961413,35.773279,14.63,25.21,7.36,104.5,79.97,794.1,12.370721862703558,远洋一号,VOYAGE_0001,上海,新加坡
2024-01-05 13:20:00,127.967723,35.782765,14.02,25.32,3.26,134.55,91.98,752.6,12.370721862703558,远洋一号,VOYAGE_0001,上海,新加坡
2024-01-05 13:30:00,127.974064,35.792275,15.02,26.2,17.63,268.83,93.19,750.6,12.370721862703558,远洋一号,VOYAGE_0001,上海,新加坡
2024-01-05 13:40:00,127.980435,35.80181,14.61,27.4,19.8,67.12,97.23,810.9,12.370721862703558,远洋一号,VOYAGE_0001,上海,新加坡
2024-01-05 13:50:00,127.986836,35.811368,14.66,25.39,8.03,23.37,89.73,776.5,12.370721862703558,远洋一号,VOYAGE_0001,上海,新加坡
2024-01-05 14:00:00,127.993269,35.82095,14.96,27.25,9.72,347.68,87.78,796.1,12.370721862703558,远洋一号,VOYAGE_0001,上海,新加坡
2024-01-05 14:10:00,127.999733,35.830557,13.69,21.53,4.09,246.87,88.88,621.9,12.370721862703558,远洋一号,VOYAGE_0001,上海,新加坡
2024-01-05 14:20:00,128.006228,35.840188,15.23,27.93,3.01,310.96,91.52,775.6,12.370721862703558,远洋一号,VOYAGE_0001,上海,新加坡
2024-01-05 14:30:00,128.012756,35.849843,14.24,23.45,18.27,181.15,88.15,705.6,12.370721862703558,远洋一号,VOYAGE_0001,上海,新加坡
2024-01-05 14:40:00,128.019315,35.859522,12.18,40.33,4.12,48.3,87.78,1248.7,12.370721862703558,远洋一号,VOYAGE_0001,上海,新加坡
2024-01-05 14:50:00,128.025907,35.869226,14.74,25.64,3.83,289.99,118.48,787.8,12.370721862703558,远洋一号,VOYAGE_0001,上海,新加坡
2024-01-05 15:00:00,128.032532,35.878954,14.24,22.64,15.47,5.41,87.56,636.2,12.370721862703558,远洋一号,VOYAGE_0001,上海,新加坡
2024-01-05 15:10:00,128.03919,35.888706,14.8,26.68,16.07,168.68,91.83,775.7,12.370721862703558,远洋一号,VOYAGE_0001,上海,新加坡
2024-01-05 15:20:00,128.045881,35.898483,14.41,26.03,16.39,297.51,85.1,781.0,12.370721862703558,远洋一号,VOYAGE_0001,上海,新加坡
2024-01-05 15:30:00,128.052606,35.908284,14.55,25.49,15.13,133.74,96.14,762.8,12.370721862703558,远洋一号,VOYAGE_0001,上海,新加坡
2024-01-05 15:40:00,128.059365,35.91811,13.77,22.4,7.76,206.47,84.13,668.8,12.370721862703558,远洋一号,VOYAGE_0001,上海,新加坡
2024-01-05 15:50:00,128.066158,35.927961,14.95,25.31,15.11,163.53,93.33,783.8,12.370721862703558,远洋一号,VOYAGE_0001,上海,新加坡
2024-01-05 16:00:00,128.072986,35.937836,14.27,25.39,8.39,160.21,88.58,772.4,12.370721862703558,远洋一号,VOYAGE_0001,上海,新加坡
2024-01-05 16:10:00,128.079848,35.947736,18.87,42.26,18.94,122.34,96.68,1311.4,12.370721862703558,远洋一号,VOYAGE_0001,上海,新加坡
2024-01-05 16:20:00,128.086746,35.95766,14.88,24.59,6.0,117.96,91.92,700.4,12.370721862703558,远洋一号,VOYAGE_0001,上海,新加坡
2024-01-05 16:30:00,128.093678,35.967609,15.23,34.58,6.93,161.38,87.73,1108.9,12.370721862703558,远洋一号,VOYAGE_0001,上海,新加坡
2024-01-05 16:40:00,128.100647,35.977583,14.01,26.65,11.62,225.0,85.21,808.9,12.370721862703558,远洋一号,VOYAGE_0001,上海,新加坡
2024-01-05 16:50:00,128.107651,35.987582,13.91,22.93,14.64,350.96,61.18,663.7,12.370721862703558,远洋一号,VOYAGE_0001,上海,新加坡
2024-01-05 17:00:00,128.114692,35.997605,15.52,24.89,10.76,322.55,82.76,725.5,12.370721862703558,远洋一号,VOYAGE_0001,上海,新加坡
2024-01-05 17:10:00,128.121769,36.007654,14.02,22.72,5.72,42.2,102.45,715.0,12.370721862703558,远洋一号,VOYAGE_0001,上海,新加坡
2024-01-05 17:20:00,128.128883,36.017727,15.01,24.67,14.12,155.1,82.46,734.3,12.370721862703558,远洋一号,VOYAGE_0001,上海,新加坡
2024-01-05 17:30:00,128.136034,36.027825,14.36,24.19,14.45,248.89,96.48,730.3,12.370721862703558,远洋一号,VOYAGE_0001,上海,新加坡
2024-01-05 17:40:00,128.143222,36.037948,14.68,25.77,17.97,143.29,92.73,757.0,12.370721862703558,远洋一号,VOYAGE_0001,上海,新加坡
2024-01-05 17:50:00,128.150447,36.048096,14.46,25.59,18.48,276.69,87.17,741.9,12.370721862703558,远洋一号,VOYAGE_0001,上海,新加坡
2024-01-05 18:00:00,128.157711,36.058269,14.44,21.83,8.82,33.48,95.46,669.7,12.370721862703558,远洋一号,VOYAGE_0001,上海,新加坡
2024-01-05 18:10:00,128.165013,36.068467,16.53,43.43,15.75,297.63,78.56,1247.2,12.370721862703558,远洋一号,VOYAGE_0001,上海,新加坡
2024-01-05 18:20:00,128.172353,36.07869,14.76,25.52,19.79,358.72,90.92,775.2,12.370721862703558,远洋一号,VOYAGE_0001,上海,新加坡
2024-01-05 18:30:00,128.179732,36.088939,14.82,25.16,5.47,171.52,84.63,814.3,12.370721862703558,远洋一号,VOYAGE_0001,上海,新加坡
2024-01-05 18:40:00,128.18715,36.099212,15.11,25.3,10.71,53.86,96.54,801.2,12.370721862703558,远洋一号,VOYAGE_0001,上海,新加坡
2024-01-05 18:50:00,128.194607,36.10951,12.22,36.82,6.89,144.05,91.4,1073.7,12.370721862703558,远洋一号,VOYAGE_0001,上海,新加坡
2024-01-05 19:00:00,128.202103,36.119834,19.15,36.65,8.45,293.97,97.16,1114.1,12.370721862703558,远洋一号,VOYAGE_0001,上海,新加坡
2024-01-05 19:10:00,128.209639,36.130183,17.18,38.49,12.15,239.71,81.32,1093.7,12.370721862703558,远洋一号,VOYAGE_0001,上海,新加坡
2024-01-05 19:20:00,128.217215,36.140557,14.46,24.3,17.0,262.64,92.56,690.5,12.370721862703558,远洋一号,VOYAGE_0001,上海,新加坡
2024-01-05 19:30:00,128.224832,36.150957,15.14,25.79,9.79,317.2,82.72,723.6,12.370721862703558,远洋一号,VOYAGE_0001,上海,新加坡
2024-01-05 19:40:00,128.232489,36.161382,14.72,22.77,10.07,130.07,87.38,747.9,12.370721862703558,远洋一号,VOYAGE_0001,上海,新加坡
2024-01-05 19:50:00,128.240187,36.171832,15.2,26.64,9.01,138.01,92.65,786.7,12.370721862703558,远洋一号,VOYAGE_0001,上海,新加坡
2024-01-05 20:00:00,128.247925,36.182307,10.4,35.3,17.11,88.84,94.59,1115.8,12.370721862703558,远洋一号,VOYAGE_0001,上海,新加坡
2024-01-05 20:10:00,128.255706,36.192808,15.11,26.6,18.73,316.37,87.61,841.4,12.370721862703558,远洋一号,VOYAGE_0001,上海,新加坡
2024-01-05 20:20:00,128.263527,36.203334,15.25,25.98,3.98,117.69,80.51,720.6,12.370721862703558,远洋一号,VOYAGE_0001,上海,新加坡
2024-01-05 20:30:00,128.271391,36.213886,14.27,22.14,15.82,188.7,81.05,700.7,12.370721862703558,远洋一号,VOYAGE_0001,上海,新加坡
2024-01-05 20:40:00,128.279296,36.224463,15.36,28.37,8.83,358.21,80.23,744.2,12.370721862703558,远洋一号,VOYAGE_0001,上海,新加坡
2024-01-05 20:50:00,128.287244,36.235066,14.75,25.62,7.97,208.05,75.02,791.7,12.370721862703558,远洋一号,VOYAGE_0001,上海,新加坡
2024-01-05 21:00:00,128.295235,36.245694,14.76,24.93,10.54,92.29,85.72,808.6,12.370721862703558,远洋一号,VOYAGE_0001,上海,新加坡
2024-01-05 21:10:00,128.303268,36.256348,15.26,26.73,5.36,252.44,87.68,854.8,12.370721862703558,远洋一号,VOYAGE_0001,上海,新加坡
2024-01-05 21:20:00,128.311344,36.267027,14.57,22.56,10.11,127.72,95.34,667.0,12.370721862703558,远洋一号,VOYAGE_0001,上海,新加坡
2024-01-05 21:30:00,128.319464,36.277732,14.12,24.85,7.02,68.97,88.69,751.2,12.370721862703558,远洋一号,VOYAGE_0001,上海,新加坡
2024-01-05 21:40:00,128.327627,36.288462,14.71,24.42,16.42,152.44,85.95,809.0,12.370721862703558,远洋一号,VOYAGE_0001,上海,新加坡
2024-01-05 21:50:00,128.335834,36.299218,15.24,23.78,17.69,166.52,99.35,619.4,12.370721862703558,远洋一号,VOYAGE_0001,上海,新加坡
2024-01-05 22:00:00,128.344085,36.31,15.59,25.8,4.75,212.4,94.03,828.7,12.370721862703558,远洋一号,VOYAGE_0001,上海,新加坡
2024-01-05 22:10:00,128.35238,36.320807,15.07,25.05,17.39,160.21,87.84,786.6,12.370721862703558,远洋一号,VOYAGE_0001,上海,新加坡
2024-01-05 22:20:00,128.36072,36.33164,14.35,23.44,11.32,65.3,92.79,599.0,12.370721862703558,远洋一号,VOYAGE_0001,上海,新加坡
2024-01-05 22:30:00,128.369105,36.342498,14.61,23.55,9.51,133.93,91.62,699.4,12.370721862703558,远洋一号,VOYAGE_0001,上海,新加坡
2024-01-05 22:40:00,128.377534,36.353383,15.32,26.29,8.64,178.26,97.13,811.3,12.370721862703558,远洋一号,VOYAGE_0001,上海,新加坡
2024-01-05 22:50:00,128.386009,36.364293,15.05,23.8,13.9,94.32,93.34,687.7,12.370721862703558,远洋一号,VOYAGE_0001,上海,新加坡
2024-01-05 23:00:00,128.394529,36.375229,15.15,26.07,7.82,57.62,96.9,687.2,12.370721862703558,远洋一号,VOYAGE_0001,上海,新加坡
2024-01-05 23:10:00,128.403095,36.38619,20.33,40.34,15.11,235.33,92.02,1178.8,12.370721862703558,远洋一号,VOYAGE_0001,上海,新加坡
2024-01-05 23:20:00,128.411707,36.397178,15.32,28.14,12.64,158.38,84.65,791.7,12.370721862703558,远洋一号,VOYAGE_0001,上海,新加坡
2024-01-05 23:30:00,128.420365,36.408191,15.34,27.33,9.26,181.34,86.38,786.5,12.370721862703558,远洋一号,VOYAGE_0001,上海,新加坡
2024-01-05 23:40:00,128.42907,36.41923,15.64,27.74,3.68,16.03,100.67,728.0,12.370721862703558,远洋一号,VOYAGE_0001,上海,新加坡
2024-01-05 23:50:00,128.437821,36.430295,14.83,25.15,12.18,36.51,85.23,785.0,12.370721862703558,远洋一号,VOYAGE_0001,上海,新加坡
